Vector,Aggregation
V17735,sum
V730416,sum
V730417,sum
V730418,sum
V730424,sum
V730425,sum
V730426,sum
V732318,sum
V732319,sum
V732320,sum
V732326,sum
V732327,sum
V732328,sum
V31185329,avg
V79310437,avg
V79310651,avg
V79310755,avg
V107645719,avg
V107792876,avg
V107792877,avg
V107792897,avg
V107792898,avg
V107792900,avg
V107792901,avg
V107792903,avg
V107792904,avg
V107792906,avg
V107792907,avg
V108846364,avg
V18111,sum
V730419,sum
V730420,sum
V730421,sum
V730422,sum
V730423,sum
V732319,sum
V732321,sum
V732322,sum
V732323,sum
V732324,sum
V732325,sum
V107792880,avg
V107792882,avg
V107792883,avg
V107792885,avg
V107792886,avg
V107792888,avg
V107792889,avg
V107792891,avg
V107792892,avg
V15,avg
V2094196,avg
V32211675,Sum
V32211673,Sum
V32211670,Sum
V32211667,Sum
V32211669,Sum
V32211672,Sum
V32211668,Sum
V32211671,Sum
V32211674,Sum
V32211678,Sum
V32211679,Sum
V32211676,Sum
V807466,Sum
V52354531,EOP
V52354524,EOP
V52354525,EOP
V52354527,EOP
V52354531,EOP
V41692327,avg
V41692457,avg
V41692458,avg
V41692452,avg
V1996498,Sum
V42184,Sum
V111955541,avg
V3,avg
V2096716,avg
V32211688,Sum
V32211686,Sum
V32211683,Sum
V32211680,Sum
V32211682,Sum
V32211685,Sum
V32211681,Sum
V32211684,Sum
V32211687,Sum
V32211691,Sum
V32211692,Sum
V32211689,Sum
V807928,Sum
V52354560,EOP
V52354560,EOP
V41692462,avg
V41692593,avg
V41692594,avg
V41692588,avg
V1996501,Sum
V42187,Sum
V111955550,avg
V13,avg
V2096086,avg
V32211648,Sum
V32211649,Sum
V32211644,Sum
V32211641,Sum
V32211643,Sum
V32211646,Sum
V32211642,Sum
V32211645,Sum
V32211647,Sum
V32211652,Sum
V32211653,Sum
V32211650,Sum
V806546,Sum
V52354452,EOP
V52354452,EOP
V41692055,avg
V41692186,avg
V41692187,avg
V41692181,avg
V1996492,Sum
V42178,Sum
V111955526,avg
V10,avg
V2093566,avg
V32211609,Sum
V32211610,Sum
V32211607,Sum
V32211602,Sum
V32211604,Sum
V32211606,Sum
V32211603,Sum
V32211605,Sum
V32211608,Sum
V32211613,Sum
V32211614,Sum
V32211611,Sum
V805166,Sum
V52354344,EOP
V52354344,EOP
V41691648,avg
V41691778,avg
V41691779,avg
V41691773,avg
V1996483,Sum
V42175,Sum
V111955466,avg
V2,avg
V2091667,avg
V32211570,Sum
V32211571,Sum
V32211568,Sum
V32211565,Sum
V32211564,Sum
V32211567,Sum
V32211563,Sum
V32211566,Sum
V32211569,Sum
V32211574,Sum
V32211575,Sum
V32211572,Sum
V803786,Sum
V52354236,EOP
V52354236,EOP
V41691244,avg
V41691374,avg
V41691375,avg
V41691369,avg
V1996474,Sum
V42160,Sum
V111955448,avg
V9,avg
V2092936,avg
V32211596,Sum
V32211597,Sum
V32211594,Sum
V32211591,Sum
V32211589,Sum
V32211593,Sum
V32211590,Sum
V32211592,Sum
V32211595,Sum
V32211600,Sum
V32211601,Sum
V32211598,Sum
V804706,Sum
V52354308,EOP
V52354308,EOP
V41691513,avg
V41691643,avg
V41691644,avg
V41691638,avg
V1996480,Sum
V42172,Sum
V111955460,avg
V12,avg
V2092306,avg
V32211635,Sum
V32211636,Sum
V32211633,Sum
V32211631,Sum
V32211628,Sum
V32211630,Sum
V32211629,Sum
V32211632,Sum
V32211634,Sum
V32211639,Sum
V32211640,Sum
V32211637,Sum
V806086,Sum
V52354416,EOP
V52354416,EOP
V41691919,avg
V41692050,avg
V41692051,avg
V41692045,avg
V1996489,Sum
V42067,Sum
V111955490,avg
V8,avg
V2095456,avg
V32211583,Sum
V32211584,Sum
V32211581,Sum
V32211578,Sum
V32211576,Sum
V32211577,Sum
V32211580,Sum
V32211579,Sum
V32211582,Sum
V32211587,Sum
V32211588,Sum
V32211585,Sum
V804246,Sum
V52354273,EOP
V52354273,EOP
V41691379,avg
V41691508,avg
V41691509,avg
V41691503,avg
V1996477,Sum
V42169,Sum
V111955454,avg
V11,avg
V2094826,avg
V32211622,Sum
V32211623,Sum
V32211620,Sum
V32211618,Sum
V32211615,Sum
V32211617,Sum
V32211619,Sum
V32211616,Sum
V32211621,Sum
V32211626,Sum
V32211627,Sum
V32211624,Sum
V805626,Sum
V52354380,EOP
V52354380,EOP
V41691783,avg
V41691914,avg
V41691915,avg
V41691909,avg
V1996486,Sum
V42262,Sum
V111955472,avg
V14,avg
V2097396,avg
V32211661,Sum
V32211662,Sum
V32211660,Sum
V32211657,Sum
V32211654,Sum
V32211656,Sum
V32211659,Sum
V32211655,Sum
V32211658,Sum
V32211665,Sum
V32211666,Sum
V32211663,Sum
V807006,Sum
V52354488,EOP
V52354488,EOP
V41692191,avg
V41692322,avg
V41692323,avg
V41692317,avg
V1996495,Sum
V42181,Sum
V111955532,avg
V6,avg
V32211725,Sum
V32211726,Sum
V32211723,Sum
V32211720,Sum
V32211717,Sum
V32211719,Sum
V32211722,Sum
V32211718,Sum
V32211721,Sum
V32211724,Sum
V32211728,Sum
V32211727,Sum
V52354704,EOP
V52354704,EOP
V41692722,avg
V41692841,avg
V41692842,avg
V41692836,avg
V1996775,Sum
V7,avg
V32211737,Sum
V32211738,Sum
V32211735,Sum
V32211732,Sum
V32211729,Sum
V32211731,Sum
V32211734,Sum
V32211730,Sum
V32211733,Sum
V32211736,Sum
V32211740,Sum
V32211739,Sum
V52354740,EOP
V52354740,EOP
V41713432,avg
V1996778,Sum
V7,avg
V32211701,Sum
V32211702,Sum
V32211699,Sum
V32211696,Sum
V32211693,Sum
V32211695,Sum
V32211698,Sum
V32211694,Sum
V32211697,Sum
V32211700,Sum
V32211704,Sum
V32211705,Sum
V808387,Sum
V52354632,EOP
V52354632,EOP
V41692598,avg
V41692717,avg
V41692718,avg
V41692712,avg
V1996504,Sum
V1,avg
V29850342,Sum
V79310246,avg
V111955442,avg
V65201210,avg
V65201219,avg
V65201309,avg
V65201310,avg
V65201311,avg
V65201312,avg
V65201313,avg
V65201322,avg
V65201330,avg
V65201336,avg
V65201341,avg
V65201351,avg
V65201355,avg
V65201358,avg
V65201368,avg
V65201381,avg
V65201382,avg
V65201383,avg
V65201384,avg
V65201385,avg
V65201386,avg
V65201390,avg
V65201391,avg
V65201392,avg
V65201393,avg
V65201394,avg
V65201395,avg
V65201396,avg
V65201397,avg
V65201407,avg
V65201229,avg
V65201419,avg
V65201231,avg
V65201429,avg
V65201232,avg
V65201441,avg
V65201442,avg
V65201233,avg
V65201452,avg
V65201457,avg
V65201234,avg
V65201463,avg
V65201468,avg
V65201235,avg
V65201471,avg
V65201476,avg
V65201236,avg
V65201237,avg
V65201212,avg
V65201240,avg
V65201241,avg
V65201242,avg
V65201243,avg
V65201244,avg
V65201245,avg
V65201246,avg
V65201247,avg
V65201253,avg
V65201254,avg
V65201255,avg
V65201256,avg
V65201257,avg
V65201258,avg
V65201263,avg
V65201264,avg
V65201274,avg
V62425550,avg
V65201280,avg
V65201281,avg
V65201282,avg
V65201286,avg
V65201287,avg
V65201288,avg
V65201289,avg
V65201290,avg
V65201291,avg
V65201293,avg
V65201294,avg
V65201296,avg
V65201297,avg
V65201301,avg
V65201304,avg
V65201305,avg
V65201307,avg
V65201308,avg
V52368145,EOP
V800450,Sum
V65201483,avg
V65201582,avg
V65201583,avg
V65201584,avg
V65201585,avg
V65201586,avg
V65201595,avg
V65201603,avg
V65201609,avg
V65201614,avg
V65201624,avg
V65201628,avg
V65201631,avg
V65201641,avg
V65201654,avg
V65201655,avg
V65201656,avg
V65201657,avg
V65201658,avg
V65201663,avg
V65201664,avg
V65201665,avg
V65201666,avg
V65201667,avg
V65201668,avg
V65201669,avg
V65201670,avg
V65201680,avg
V65201502,avg
V65201692,avg
V65201504,avg
V65201702,avg
V65201505,avg
V65201714,avg
V65201715,avg
V65201506,avg
V65201725,avg
V65201730,avg
V65201507,avg
V65201736,avg
V65201741,avg
V65201508,avg
V65201744,avg
V65201749,avg
V65201509,avg
V65201510,avg
V65201513,avg
V65201514,avg
V65201515,avg
V65201516,avg
V65201517,avg
V65201518,avg
V65201519,avg
V65201520,avg
V65201526,avg
V65201527,avg
V65201528,avg
V65201529,avg
V65201530,avg
V65201531,avg
V65201536,avg
V65201537,avg
V65201547,avg
V65201553,avg
V65201554,avg
V65201555,avg
V65201559,avg
V65201560,avg
V65201561,avg
V65201562,avg
V65201563,avg
V65201564,avg
V65201566,avg
V65201567,avg
V65201569,avg
V65201570,avg
V65201574,avg
V65201577,avg
V65201578,avg
V65201580,avg
V65201581,avg
V42256,Sum
V17952,Sum
V79310346,avg
V79310350,avg
V79310749,avg
V79310750,avg
V52354207,EOP
V79310372,avg
V79310373,avg
V79310381,avg
V79310391,avg
V79310400,avg
V79310402,avg
V79310403,avg
V79310406,avg
V79310407,avg
V79310408,avg
V79310409,avg
V79310410,avg
V79310411,avg
V79310412,avg
V79310419,avg
V79310424,avg
V79310431,avg
V29850343,Sum
V79310247,avg
V79310644,avg
V107792870,avg
V1996471,Sum
V62305808,Sum
V62305809,Sum
V62305811,Sum
V62305812,Sum
V122543,EOP
V17969,Sum
V79310458,avg
V79310459,avg
V79310462,avg
V79310466,avg
V79310467,avg
V79310468,avg
V79310470,avg
V79310471,avg
V79310474,avg
V79310477,avg
V79310478,avg
V79310479,avg
V79310485,avg
V79310486,avg
V79310488,avg
V79310489,avg
V79310490,avg
V79310491,avg
V79310492,avg
V79310493,avg
V79310496,avg
V79310499,avg
V79310533,avg
V122495,EOP
V107792871,avg
V17948,Sum
V79310561,avg
V79310574,avg
V79310593,avg
V79310618,avg
V79310634,avg
V122523,EOP
V52354200,EOP
V79310297,avg
V52354201,EOP
V79310306,avg
V79310316,avg
V79310323,avg
V79310721,avg
V52354203,EOP
V122491,EOP
V79310739,avg
V15,avg
V29850387,Sum
V29850388,Sum
V17729,Sum
V17719,Sum
V29850392,Sum
V52354567,EOP
V29850393,Sum
V17746,Sum
V52354561,EOP
V52354563,EOP
V4,avg
V29850397,Sum
V29850398,Sum
V41891744,Sum
V52354639,EOP
V52354633,EOP
V52354635,EOP
V29850407,Sum
V41891747,Sum
V29850408,Sum
V29850412,Sum
V52354711,EOP
V29850413,Sum
V52354705,EOP
V52354707,EOP
V52354747,EOP
V52354741,EOP
V52354743,EOP
V29850347,Sum
V52354243,EOP
V29850348,Sum
V41690973,avg
V41691233,avg
V41691238,avg
V41691239,avg
V52354237,EOP
V52354239,EOP
V29850352,Sum
V52354279,EOP
V29850353,Sum
V17997,Sum
V52354272,EOP
V52354275,EOP
V29850357,Sum
V52354315,EOP
V29850358,Sum
V18014,Sum
V18004,Sum
V52354309,EOP
V52354311,EOP
V29850362,Sum
V52354351,EOP
V29850363,Sum
V18038,Sum
V18024,Sum
V52354345,EOP
V52354347,EOP
V29850367,Sum
V52354387,EOP
V29850368,Sum
V18069,Sum
V18050,Sum
V52354381,EOP
V52354383,EOP
V29850372,Sum
V52354423,EOP
V29850373,Sum
V18090,Sum
V18079,Sum
V52354417,EOP
V52354419,EOP
V29850377,Sum
V52354459,EOP
V29850378,Sum
V18099,Sum
V52354453,EOP
V52354455,EOP
V29850382,Sum
V52354495,EOP
V29850383,Sum
V52354489,EOP
V52354491,EOP
V65201565,avg
V65201568,avg
V65201571,avg
V65201572,avg
V65201573,avg
V65201579,avg
V65201292,avg
V65201295,avg
V65201298,avg
V65201299,avg
V65201300,avg
V65201306,avg
V54061625,avg
V54061626,avg
V54061627,avg
V54061628,avg
V54061629,avg
V54061630,avg
V54061631,avg
V54061632,avg
V54061633,avg
V54061634,avg
V54061635,avg
V54061636,avg
V54061637,avg
V54061638,avg
V54061639,avg
V54061640,avg
V54061641,avg
V54061642,avg
V54061643,avg
V54061644,avg
V54061645,avg
V54061646,avg
V54061647,avg
V54061648,avg
V54061649,avg
V54061650,avg
V54061651,avg
V54061652,avg
V54061653,avg
V54061654,avg
V54061655,avg
V54061656,avg
V54061657,avg
V54061658,avg
V54061659,avg
V54061660,avg
V54061661,avg
V54061662,avg
V54061663,avg
V54061664,avg
V54061665,avg
V54061666,avg
V54061667,avg
V54061668,avg
V54061669,avg
V54061670,avg
V54061671,avg
V54061672,avg
V54061673,avg
V54061674,avg
V54061675,avg
V54061676,avg
V54061677,avg
V54061678,avg
V54061679,avg
V54061680,avg
V54061681,avg
V54061682,avg
V54061683,avg
V54061684,avg
V54061685,avg
V54061686,avg
V54061687,avg
V54061688,avg
V54061689,avg
V54061690,avg
V54061691,avg
V54061692,avg
V54061693,avg
V54061694,avg
V54061695,avg
V54061696,avg
V54061697,avg
V54061698,avg
V54061699,avg
V54061700,avg
V54061701,avg
V54061702,avg
V54061703,avg
V54061704,avg
V54061705,avg
V54061706,avg
V54061707,avg
V54061708,avg
V54061709,avg
V54061710,avg
V54061711,avg
V54061712,avg
V54061713,avg
V54061714,avg
V54061715,avg
V54061716,avg
V54061717,avg
V54061718,avg
V54061719,avg
V54061720,avg
V54061721,avg
V54061722,avg
V54061723,avg
V54061724,avg
V54061725,avg
V54061726,avg
V54061727,avg
V54061728,avg
V54061729,avg
V54061730,avg
V54061731,avg
V54061732,avg
V54061733,avg
V54061734,avg
V54061735,avg
V54061736,avg
V54061737,avg
V54061738,avg
V54061739,avg
V54061740,avg
V54061741,avg
V54061742,avg
V54061743,avg
V54061744,avg
V54061745,avg
V54061746,avg
V54061747,avg
V54061748,avg
V54061749,avg
V54061750,avg
V54061751,avg
V54061752,avg
V54061753,avg
V54061754,avg
V54061755,avg
V54061756,avg
V54061757,avg
V54061758,avg
V54061759,avg
V54061760,avg
V54061764,avg
V54061765,avg
V54061766,avg
V54061767,avg
V54061768,avg
V54061769,avg
V54061770,avg
V54061771,avg
V54061772,avg
V54061773,avg
V54061774,avg
V54061775,avg
V54061776,avg
V54061777,avg
V54061778,avg
V54061779,avg
V54061780,avg
V54061781,avg
V54061782,avg
V54061783,avg
V54061784,avg
V54061785,avg
V54061786,avg
V54061787,avg
V54061788,avg
V54061789,avg
V54061790,avg
V54061791,avg
V54061792,avg
V54061793,avg
V54061794,avg
V54061795,avg
V54061796,avg
V54061797,avg
V54061798,avg
V54061799,avg
V54061800,avg
V54061801,avg
V54061802,avg
V54061803,avg
V54061804,avg
V54061805,avg
V54061806,avg
V54061807,avg
V54061808,avg
V54061809,avg
V54061810,avg
V54061811,avg
V54061812,avg
V54061813,avg
V54061814,avg
V54061815,avg
V54061816,avg
V54061817,avg
V54061818,avg
V54061819,avg
V54061820,avg
V54061821,avg
V54061822,avg
V54061823,avg
V54061824,avg
V54061825,avg
V54061826,avg
V54061827,avg
V54061828,avg
V54061829,avg
V54061830,avg
V54061831,avg
V54061832,avg
V54061833,avg
V54061834,avg
V54061835,avg
V54061836,avg
V54061837,avg
V54061838,avg
V54061839,avg
V54061840,avg
V54061841,avg
V54061842,avg
V54061843,avg
V54061844,avg
V54061845,avg
V54061846,avg
V54061847,avg
V54061848,avg
V54061849,avg
V54061850,avg
V54061851,avg
V54061852,avg
V54061853,avg
V54061854,avg
V54061855,avg
V54061856,avg
V54061857,avg
V54061858,avg
V54061859,avg
V54061860,avg
V54061861,avg
V54061862,avg
V54061863,avg
V54061864,avg
V54061865,avg
V54061866,avg
V54061867,avg
V54061868,avg
V54061869,avg
V54061870,avg
V54061871,avg
V54061872,avg
V54061873,avg
V54061874,avg
V54061875,avg
V54061876,avg
V54061877,avg
V54061878,avg
V54061879,avg
V54061880,avg
V54061881,avg
V54061882,avg
V54061883,avg
V54061884,avg
V54061885,avg
V54061886,avg
V54061887,avg
V54061888,avg
V54061889,avg
V54061890,avg
V54061891,avg
V54061892,avg
V54061893,avg
V54061894,avg
V54061895,avg
V54061896,avg
V54061897,avg
V54061898,avg
V54061899,avg
V54061903,avg
V54061904,avg
V54061905,avg
V54061906,avg
V54061907,avg
V54061908,avg
V54061909,avg
V54061910,avg
V54061911,avg
V54061912,avg
V54061913,avg
V54061914,avg
V54061915,avg
V54061916,avg
V54061917,avg
V54061918,avg
V54061919,avg
V54061920,avg
V54061921,avg
V54061922,avg
V54061923,avg
V54061924,avg
V54061925,avg
V54061926,avg
V54061927,avg
V54061928,avg
V54061929,avg
V54061930,avg
V54061931,avg
V54061932,avg
V54061933,avg
V54061934,avg
V54061935,avg
V54061936,avg
V54061937,avg
V54061938,avg
V54061939,avg
V54061940,avg
V54061941,avg
V54061942,avg
V54061943,avg
V54061944,avg
V54061945,avg
V54061946,avg
V54061947,avg
V54061948,avg
V54061949,avg
V54061950,avg
V54061951,avg
V54061952,avg
V54061953,avg
V54061954,avg
V54061955,avg
V54061956,avg
V54061957,avg
V54061958,avg
V54061959,avg
V54061960,avg
V54061961,avg
V54061962,avg
V54061963,avg
V54061964,avg
V54061965,avg
V54061966,avg
V54061967,avg
V54061968,avg
V54061969,avg
V54061970,avg
V54061971,avg
V54061972,avg
V54061973,avg
V54061974,avg
V54061975,avg
V54061976,avg
V54061977,avg
V54061978,avg
V54061979,avg
V54061980,avg
V54061981,avg
V54061982,avg
V54061983,avg
V54061984,avg
V54061985,avg
V54061986,avg
V54061987,avg
V54061988,avg
V54061989,avg
V54061990,avg
V54061991,avg
V54061992,avg
V54061993,avg
V54061994,avg
V54061995,avg
V54061996,avg
V54061997,avg
V54061998,avg
V54061999,avg
V54062000,avg
V54062001,avg
V54062002,avg
V54062003,avg
V54062004,avg
V54062005,avg
V54062006,avg
V54062007,avg
V54062008,avg
V54062009,avg
V54062010,avg
V54062011,avg
V54062012,avg
V54062013,avg
V54062014,avg
V54062015,avg
V54062016,avg
V54062017,avg
V54062018,avg
V54062019,avg
V54062020,avg
V54062021,avg
V54062022,avg
V54062023,avg
V54062024,avg
V54062025,avg
V54062026,avg
V54062027,avg
V54062028,avg
V54062029,avg
V54062030,avg
V54062031,avg
V54062032,avg
V54062033,avg
V54062034,avg
V54062035,avg
V54062036,avg
V54062037,avg
V54062038,avg
V54062459,avg
V54062460,avg
V54062461,avg
V54062462,avg
V54062463,avg
V54062464,avg
V54062465,avg
V54062466,avg
V54062467,avg
V54062468,avg
V54062469,avg
V54062470,avg
V54062471,avg
V54062472,avg
V54062473,avg
V54062474,avg
V54062475,avg
V54062476,avg
V54062477,avg
V54062478,avg
V54062479,avg
V54062480,avg
V54062481,avg
V54062482,avg
V54062483,avg
V54062484,avg
V54062485,avg
V54062486,avg
V54062487,avg
V54062488,avg
V54062489,avg
V54062490,avg
V54062491,avg
V54062492,avg
V54062493,avg
V54062494,avg
V54062495,avg
V54062496,avg
V54062497,avg
V54062498,avg
V54062499,avg
V54062500,avg
V54062501,avg
V54062502,avg
V54062503,avg
V54062504,avg
V54062505,avg
V54062506,avg
V54062507,avg
V54062508,avg
V54062509,avg
V54062510,avg
V54062511,avg
V54062512,avg
V54062513,avg
V54062514,avg
V54062515,avg
V54062516,avg
V54062517,avg
V54062518,avg
V54062519,avg
V54062520,avg
V54062521,avg
V54062522,avg
V54062523,avg
V54062524,avg
V54062525,avg
V54062526,avg
V54062527,avg
V54062528,avg
V54062529,avg
V54062530,avg
V54062531,avg
V54062532,avg
V54062533,avg
V54062534,avg
V54062535,avg
V54062536,avg
V54062537,avg
V54062538,avg
V54062539,avg
V54062540,avg
V54062541,avg
V54062542,avg
V54062543,avg
V54062544,avg
V54062545,avg
V54062546,avg
V54062547,avg
V54062548,avg
V54062549,avg
V54062550,avg
V54062551,avg
V54062552,avg
V54062553,avg
V54062554,avg
V54062555,avg
V54062556,avg
V54062557,avg
V54062558,avg
V54062559,avg
V54062560,avg
V54062561,avg
V54062562,avg
V54062563,avg
V54062564,avg
V54062565,avg
V54062566,avg
V54062567,avg
V54062568,avg
V54062569,avg
V54062570,avg
V54062571,avg
V54062572,avg
V54062573,avg
V54062574,avg
V54062575,avg
V54062576,avg
V54062577,avg
V54062578,avg
V54062579,avg
V54062580,avg
V54062581,avg
V54062582,avg
V54062583,avg
V54062584,avg
V54062585,avg
V54062586,avg
V54062587,avg
V54062588,avg
V54062589,avg
V54062590,avg
V54062591,avg
V54062592,avg
V54062593,avg
V54062594,avg
V54062595,avg
V54062596,avg
V54062597,avg
V54062598,avg
V54062599,avg
V54062600,avg
V54062601,avg
V54062602,avg
V54062603,avg
V54062604,avg
V54062605,avg
V54062606,avg
V54062607,avg
V54062608,avg
V54062609,avg
V54062610,avg
V54062611,avg
V54062612,avg
V54062613,avg
V54062614,avg
V54062615,avg
V54062616,avg
V54062617,avg
V54062618,avg
V54062619,avg
V54062620,avg
V54062621,avg
V54062622,avg
V54062623,avg
V54062624,avg
V54062625,avg
V54062626,avg
V54062627,avg
V54062628,avg
V54062629,avg
V54062630,avg
V54062631,avg
V54062632,avg
V54062633,avg
V54062634,avg
V54062635,avg
V54062636,avg
V54062637,avg
V54062638,avg
V54062639,avg
V54062640,avg
V54062641,avg
V54062642,avg
V54062643,avg
V54062644,avg
V54062645,avg
V54062646,avg
V54062647,avg
V54062648,avg
V54062649,avg
V54062650,avg
V54062651,avg
V54062652,avg
V54062653,avg
V54062654,avg
V54062655,avg
V54062656,avg
V54062657,avg
V54062658,avg
V54062659,avg
V54062660,avg
V54062661,avg
V54062662,avg
V54062663,avg
V54062664,avg
V54062665,avg
V54062666,avg
V54062667,avg
V54062668,avg
V54062669,avg
V54062670,avg
V54062671,avg
V54062672,avg
V54062673,avg
V54062674,avg
V54062675,avg
V54062676,avg
V54062677,avg
V54062678,avg
V54062679,avg
V54062680,avg
V54062681,avg
V54062682,avg
V54062683,avg
V54062684,avg
V54062685,avg
V54062686,avg
V54062687,avg
V54062688,avg
V54062689,avg
V54062690,avg
V54062691,avg
V54062692,avg
V54062693,avg
V54062694,avg
V54062695,avg
V54062696,avg
V54062697,avg
V54062698,avg
V54062699,avg
V54062700,avg
V54062701,avg
V54062702,avg
V54062703,avg
V54062704,avg
V54062705,avg
V54062706,avg
V54062707,avg
V54062708,avg
V54062709,avg
V54062710,avg
V54062711,avg
V54062712,avg
V54062713,avg
V54062714,avg
V54062715,avg
V54062716,avg
V54062717,avg
V54062718,avg
V54062719,avg
V54062720,avg
V54062721,avg
V54062722,avg
V54062723,avg
V54062724,avg
V54062725,avg
V54062726,avg
V54062727,avg
V54062728,avg
V54062729,avg
V54062730,avg
V54062731,avg
V54062732,avg
V54062733,avg
V54062734,avg
V54062735,avg
V54062736,avg
V54062737,avg
V54062738,avg
V54062739,avg
V54062740,avg
V54062741,avg
V54062742,avg
V54062743,avg
V54062744,avg
V54062745,avg
V54062746,avg
V54062747,avg
V54062748,avg
V54062749,avg
V54062750,avg
V54062751,avg
V54062752,avg
V54062753,avg
V54062754,avg
V54062755,avg
V54062756,avg
V54062757,avg
V54062758,avg
V54062759,avg
V54062760,avg
V54062761,avg
V54062762,avg
V54062763,avg
V54062764,avg
V54062765,avg
V54062766,avg
V54062767,avg
V54062768,avg
V54062769,avg
V54062770,avg
V54062771,avg
V54062772,avg
V54062773,avg
V54062774,avg
V54062775,avg
V54062776,avg
V54062777,avg
V54062778,avg
V54062779,avg
V54062780,avg
V54062781,avg
V54062782,avg
V54062783,avg
V54062784,avg
V54062785,avg
V54062786,avg
V54062787,avg
V54062788,avg
V54062789,avg
V54062790,avg
V54062791,avg
V54062792,avg
V54062793,avg
V54062794,avg
V54062795,avg
V54062796,avg
V54062797,avg
V54062798,avg
V54062799,avg
V54062800,avg
V54062801,avg
V54062802,avg
V54062803,avg
V54062804,avg
V54062805,avg
V54062806,avg
V54062807,avg
V54062808,avg
V54062809,avg
V54062810,avg
V54062811,avg
V54062812,avg
V54062813,avg
V54062814,avg
V54062815,avg
V54062816,avg
V54062817,avg
V54062818,avg
V54062819,avg
V54062820,avg
V54062821,avg
V54062822,avg
V54062823,avg
V54062824,avg
V54062825,avg
V54062826,avg
V54062827,avg
V54062828,avg
V54062829,avg
V54062830,avg
V54062831,avg
V54062832,avg
V54062833,avg
V54062834,avg
V54062835,avg
V54062836,avg
V54062837,avg
V54062838,avg
V54062839,avg
V54062840,avg
V54062841,avg
V54062842,avg
V54062843,avg
V54062844,avg
V54062845,avg
V54062846,avg
V54062847,avg
V54062848,avg
V54062849,avg
V54062850,avg
V54062851,avg
V54062852,avg
V54062853,avg
V54062854,avg
V54062855,avg
V54062856,avg
V54062857,avg
V54062858,avg
V54062859,avg
V54062860,avg
V54062861,avg
V54062862,avg
V54062863,avg
V54062864,avg
V54062865,avg
V54062866,avg
V54062867,avg
V54062868,avg
V54062869,avg
V54062870,avg
V54062871,avg
V54062872,avg
V54062873,avg
V54062874,avg
V54062875,avg
V54063293,avg
V54063294,avg
V54063295,avg
V54063296,avg
V54063297,avg
V54063298,avg
V54063299,avg
V54063300,avg
V54063301,avg
V54063302,avg
V54063303,avg
V54063304,avg
V54063305,avg
V54063306,avg
V54063307,avg
V54063308,avg
V54063309,avg
V54063310,avg
V54063311,avg
V54063312,avg
V54063313,avg
V54063314,avg
V54063315,avg
V54063316,avg
V54063317,avg
V54063318,avg
V54063319,avg
V54063320,avg
V54063321,avg
V54063322,avg
V54063323,avg
V54063324,avg
V54063325,avg
V54063326,avg
V54063327,avg
V54063328,avg
V54063329,avg
V54063330,avg
V54063331,avg
V54063332,avg
V54063333,avg
V54063334,avg
V54063335,avg
V54063336,avg
V54063337,avg
V54063338,avg
V54063339,avg
V54063340,avg
V54063341,avg
V54063342,avg
V54063343,avg
V54063344,avg
V54063345,avg
V54063346,avg
V54063347,avg
V54063348,avg
V54063349,avg
V54063350,avg
V54063351,avg
V54063352,avg
V54063353,avg
V54063354,avg
V54063355,avg
V54063356,avg
V54063357,avg
V54063358,avg
V54063359,avg
V54063360,avg
V54063361,avg
V54063362,avg
V54063363,avg
V54063364,avg
V54063365,avg
V54063366,avg
V54063367,avg
V54063368,avg
V54063369,avg
V54063370,avg
V54063371,avg
V54063372,avg
V54063373,avg
V54063374,avg
V54063375,avg
V54063376,avg
V54063377,avg
V54063378,avg
V54063379,avg
V54063380,avg
V54063381,avg
V54063382,avg
V54063383,avg
V54063384,avg
V54063385,avg
V54063386,avg
V54063387,avg
V54063388,avg
V54063389,avg
V54063390,avg
V54063391,avg
V54063392,avg
V54063393,avg
V54063394,avg
V54063395,avg
V54063396,avg
V54063397,avg
V54063398,avg
V54063399,avg
V54063400,avg
V54063401,avg
V54063402,avg
V54063403,avg
V54063404,avg
V54063405,avg
V54063406,avg
V54063407,avg
V54063408,avg
V54063409,avg
V54063410,avg
V54063411,avg
V54063412,avg
V54063413,avg
V54063414,avg
V54063415,avg
V54063416,avg
V54063417,avg
V54063418,avg
V54063419,avg
V54063420,avg
V54063421,avg
V54063422,avg
V54063423,avg
V54063424,avg
V54063425,avg
V54063426,avg
V54063427,avg
V54063428,avg
V54063432,avg
V54063433,avg
V54063434,avg
V54063435,avg
V54063436,avg
V54063437,avg
V54063438,avg
V54063439,avg
V54063440,avg
V54063441,avg
V54063442,avg
V54063443,avg
V54063444,avg
V54063445,avg
V54063446,avg
V54063447,avg
V54063448,avg
V54063449,avg
V54063450,avg
V54063451,avg
V54063452,avg
V54063453,avg
V54063454,avg
V54063455,avg
V54063456,avg
V54063457,avg
V54063458,avg
V54063459,avg
V54063460,avg
V54063461,avg
V54063462,avg
V54063463,avg
V54063464,avg
V54063465,avg
V54063466,avg
V54063467,avg
V54063468,avg
V54063469,avg
V54063470,avg
V54063471,avg
V54063472,avg
V54063473,avg
V54063474,avg
V54063475,avg
V54063476,avg
V54063477,avg
V54063478,avg
V54063479,avg
V54063480,avg
V54063481,avg
V54063482,avg
V54063483,avg
V54063484,avg
V54063485,avg
V54063486,avg
V54063487,avg
V54063488,avg
V54063489,avg
V54063490,avg
V54063491,avg
V54063492,avg
V54063493,avg
V54063494,avg
V54063495,avg
V54063496,avg
V54063497,avg
V54063498,avg
V54063499,avg
V54063500,avg
V54063501,avg
V54063502,avg
V54063503,avg
V54063504,avg
V54063505,avg
V54063506,avg
V54063507,avg
V54063508,avg
V54063509,avg
V54063510,avg
V54063511,avg
V54063512,avg
V54063513,avg
V54063514,avg
V54063515,avg
V54063516,avg
V54063517,avg
V54063518,avg
V54063519,avg
V54063520,avg
V54063521,avg
V54063522,avg
V54063523,avg
V54063524,avg
V54063525,avg
V54063526,avg
V54063527,avg
V54063528,avg
V54063529,avg
V54063530,avg
V54063531,avg
V54063532,avg
V54063533,avg
V54063534,avg
V54063535,avg
V54063536,avg
V54063537,avg
V54063538,avg
V54063539,avg
V54063540,avg
V54063541,avg
V54063542,avg
V54063543,avg
V54063544,avg
V54063545,avg
V54063546,avg
V54063547,avg
V54063548,avg
V54063549,avg
V54063550,avg
V54063551,avg
V54063552,avg
V54063553,avg
V54063554,avg
V54063555,avg
V54063556,avg
V54063557,avg
V54063558,avg
V54063559,avg
V54063560,avg
V54063561,avg
V54063562,avg
V54063563,avg
V54063564,avg
V54063565,avg
V54063566,avg
V54063567,avg
V54063571,avg
V54063572,avg
V54063573,avg
V54063574,avg
V54063575,avg
V54063576,avg
V54063577,avg
V54063578,avg
V54063579,avg
V54063580,avg
V54063581,avg
V54063582,avg
V54063583,avg
V54063584,avg
V54063585,avg
V54063586,avg
V54063587,avg
V54063588,avg
V54063589,avg
V54063590,avg
V54063591,avg
V54063592,avg
V54063593,avg
V54063594,avg
V54063595,avg
V54063596,avg
V54063597,avg
V54063598,avg
V54063599,avg
V54063600,avg
V54063601,avg
V54063602,avg
V54063603,avg
V54063604,avg
V54063605,avg
V54063606,avg
V54063607,avg
V54063608,avg
V54063609,avg
V54063610,avg
V54063611,avg
V54063612,avg
V54063613,avg
V54063614,avg
V54063615,avg
V54063616,avg
V54063617,avg
V54063618,avg
V54063619,avg
V54063620,avg
V54063621,avg
V54063622,avg
V54063623,avg
V54063624,avg
V54063625,avg
V54063626,avg
V54063627,avg
V54063628,avg
V54063629,avg
V54063630,avg
V54063631,avg
V54063632,avg
V54063633,avg
V54063634,avg
V54063635,avg
V54063636,avg
V54063637,avg
V54063638,avg
V54063639,avg
V54063640,avg
V54063641,avg
V54063642,avg
V54063643,avg
V54063644,avg
V54063645,avg
V54063646,avg
V54063647,avg
V54063648,avg
V54063649,avg
V54063650,avg
V54063651,avg
V54063652,avg
V54063653,avg
V54063654,avg
V54063655,avg
V54063656,avg
V54063657,avg
V54063658,avg
V54063659,avg
V54063660,avg
V54063661,avg
V54063662,avg
V54063663,avg
V54063664,avg
V54063665,avg
V54063666,avg
V54063667,avg
V54063668,avg
V54063669,avg
V54063670,avg
V54063671,avg
V54063672,avg
V54063673,avg
V54063674,avg
V54063675,avg
V54063676,avg
V54063677,avg
V54063678,avg
V54063679,avg
V54063680,avg
V54063681,avg
V54063682,avg
V54063683,avg
V54063684,avg
V54063685,avg
V54063686,avg
V54063687,avg
V54063688,avg
V54063689,avg
V54063690,avg
V54063691,avg
V54063692,avg
V54063693,avg
V54063694,avg
V54063695,avg
V54063696,avg
V54063697,avg
V54063698,avg
V54063699,avg
V54063700,avg
V54063701,avg
V54063702,avg
V54063703,avg
V54063704,avg
V54063705,avg
V54063706,avg
V54064127,avg
V54064128,avg
V54064129,avg
V54064130,avg
V54064131,avg
V54064132,avg
V54064133,avg
V54064134,avg
V54064135,avg
V54064136,avg
V54064137,avg
V54064138,avg
V54064139,avg
V54064140,avg
V54064141,avg
V54064142,avg
V54064143,avg
V54064144,avg
V54064145,avg
V54064146,avg
V54064147,avg
V54064148,avg
V54064149,avg
V54064150,avg
V54064151,avg
V54064152,avg
V54064153,avg
V54064154,avg
V54064155,avg
V54064156,avg
V54064157,avg
V54064158,avg
V54064159,avg
V54064160,avg
V54064161,avg
V54064162,avg
V54064163,avg
V54064164,avg
V54064165,avg
V54064166,avg
V54064167,avg
V54064168,avg
V54064169,avg
V54064170,avg
V54064171,avg
V54064172,avg
V54064173,avg
V54064174,avg
V54064175,avg
V54064176,avg
V54064177,avg
V54064178,avg
V54064179,avg
V54064180,avg
V54064181,avg
V54064182,avg
V54064183,avg
V54064184,avg
V54064185,avg
V54064186,avg
V54064187,avg
V54064188,avg
V54064189,avg
V54064190,avg
V54064191,avg
V54064192,avg
V54064193,avg
V54064194,avg
V54064195,avg
V54064196,avg
V54064197,avg
V54064198,avg
V54064199,avg
V54064200,avg
V54064201,avg
V54064202,avg
V54064203,avg
V54064204,avg
V54064205,avg
V54064206,avg
V54064207,avg
V54064208,avg
V54064209,avg
V54064210,avg
V54064211,avg
V54064212,avg
V54064213,avg
V54064214,avg
V54064215,avg
V54064216,avg
V54064217,avg
V54064218,avg
V54064219,avg
V54064220,avg
V54064221,avg
V54064222,avg
V54064223,avg
V54064224,avg
V54064225,avg
V54064226,avg
V54064227,avg
V54064228,avg
V54064229,avg
V54064230,avg
V54064231,avg
V54064232,avg
V54064233,avg
V54064234,avg
V54064235,avg
V54064236,avg
V54064237,avg
V54064238,avg
V54064239,avg
V54064240,avg
V54064241,avg
V54064242,avg
V54064243,avg
V54064244,avg
V54064245,avg
V54064246,avg
V54064247,avg
V54064248,avg
V54064249,avg
V54064250,avg
V54064251,avg
V54064252,avg
V54064253,avg
V54064254,avg
V54064255,avg
V54064256,avg
V54064257,avg
V54064258,avg
V54064259,avg
V54064260,avg
V54064261,avg
V54064262,avg
V54064263,avg
V54064264,avg
V54064265,avg
V54064266,avg
V54064267,avg
V54064268,avg
V54064269,avg
V54064270,avg
V54064271,avg
V54064272,avg
V54064273,avg
V54064274,avg
V54064275,avg
V54064276,avg
V54064277,avg
V54064278,avg
V54064279,avg
V54064280,avg
V54064281,avg
V54064282,avg
V54064283,avg
V54064284,avg
V54064285,avg
V54064286,avg
V54064287,avg
V54064288,avg
V54064289,avg
V54064290,avg
V54064291,avg
V54064292,avg
V54064293,avg
V54064294,avg
V54064295,avg
V54064296,avg
V54064297,avg
V54064298,avg
V54064299,avg
V54064300,avg
V54064301,avg
V54064302,avg
V54064303,avg
V54064304,avg
V54064305,avg
V54064306,avg
V54064307,avg
V54064308,avg
V54064309,avg
V54064310,avg
V54064311,avg
V54064312,avg
V54064313,avg
V54064314,avg
V54064315,avg
V54064316,avg
V54064317,avg
V54064318,avg
V54064319,avg
V54064320,avg
V54064321,avg
V54064322,avg
V54064323,avg
V54064324,avg
V54064325,avg
V54064326,avg
V54064327,avg
V54064328,avg
V54064329,avg
V54064330,avg
V54064331,avg
V54064332,avg
V54064333,avg
V54064334,avg
V54064335,avg
V54064336,avg
V54064337,avg
V54064338,avg
V54064339,avg
V54064340,avg
V54064341,avg
V54064342,avg
V54064343,avg
V54064344,avg
V54064345,avg
V54064346,avg
V54064347,avg
V54064348,avg
V54064349,avg
V54064350,avg
V54064351,avg
V54064352,avg
V54064353,avg
V54064354,avg
V54064355,avg
V54064356,avg
V54064357,avg
V54064358,avg
V54064359,avg
V54064360,avg
V54064361,avg
V54064362,avg
V54064363,avg
V54064364,avg
V54064365,avg
V54064366,avg
V54064367,avg
V54064368,avg
V54064369,avg
V54064370,avg
V54064371,avg
V54064372,avg
V54064373,avg
V54064374,avg
V54064375,avg
V54064376,avg
V54064377,avg
V54064378,avg
V54064379,avg
V54064380,avg
V54064381,avg
V54064382,avg
V54064383,avg
V54064384,avg
V54064385,avg
V54064386,avg
V54064387,avg
V54064388,avg
V54064389,avg
V54064390,avg
V54064391,avg
V54064392,avg
V54064393,avg
V54064394,avg
V54064395,avg
V54064396,avg
V54064397,avg
V54064398,avg
V54064399,avg
V54064400,avg
V54064401,avg
V54064402,avg
V54064403,avg
V54064404,avg
V54064405,avg
V54064406,avg
V54064407,avg
V54064408,avg
V54064409,avg
V54064410,avg
V54064411,avg
V54064412,avg
V54064413,avg
V54064414,avg
V54064415,avg
V54064416,avg
V54064417,avg
V54064418,avg
V54064419,avg
V54064420,avg
V54064421,avg
V54064422,avg
V54064423,avg
V54064424,avg
V54064425,avg
V54064426,avg
V54064427,avg
V54064428,avg
V54064429,avg
V54064430,avg
V54064431,avg
V54064432,avg
V54064433,avg
V54064434,avg
V54064435,avg
V54064436,avg
V54064437,avg
V54064438,avg
V54064439,avg
V54064440,avg
V54064441,avg
V54064442,avg
V54064443,avg
V54064444,avg
V54064445,avg
V54064446,avg
V54064447,avg
V54064448,avg
V54064449,avg
V54064450,avg
V54064451,avg
V54064452,avg
V54064453,avg
V54064454,avg
V54064455,avg
V54064456,avg
V54064457,avg
V54064458,avg
V54064459,avg
V54064460,avg
V54064461,avg
V54064462,avg
V54064463,avg
V54064464,avg
V54064465,avg
V54064466,avg
V54064467,avg
V54064468,avg
V54064469,avg
V54064470,avg
V54064471,avg
V54064472,avg
V54064473,avg
V54064474,avg
V54064475,avg
V54064476,avg
V54064477,avg
V54064478,avg
V54064479,avg
V54064480,avg
V54064481,avg
V54064482,avg
V54064483,avg
V54064484,avg
V54064485,avg
V54064486,avg
V54064487,avg
V54064488,avg
V54064489,avg
V54064490,avg
V54064491,avg
V54064492,avg
V54064493,avg
V54064494,avg
V54064495,avg
V54064496,avg
V54064497,avg
V54064498,avg
V54064499,avg
V54064500,avg
V54064501,avg
V54064502,avg
V54064503,avg
V54064504,avg
V54064505,avg
V54064506,avg
V54064507,avg
V54064508,avg
V54064509,avg
V54064510,avg
V54064511,avg
V54064512,avg
V54064513,avg
V54064514,avg
V54064515,avg
V54064516,avg
V54064517,avg
V54064518,avg
V54064519,avg
V54064520,avg
V54064521,avg
V54064522,avg
V54064523,avg
V54064524,avg
V54064525,avg
V54064526,avg
V54064527,avg
V54064528,avg
V54064529,avg
V54064530,avg
V54064531,avg
V54064532,avg
V54064533,avg
V54064534,avg
V54064535,avg
V54064536,avg
V54064537,avg
V54064538,avg
V54064539,avg
V54064540,avg
V54064541,avg
V54064542,avg
V54064543,avg
v61989198,sum
v61989199,sum
v61989200,sum
v61989201,sum
v61989202,sum
v61989203,sum
v61989204,sum
v61989205,sum
v61989206,sum
v61989207,sum
v61989208,sum
v61989209,sum
v61989210,sum
v61989211,sum
v61989212,sum
v61989213,sum
v61989214,sum
v61989215,sum
v61989216,sum
v61989217,sum
v61989218,sum
v61989219,sum
v61989220,sum
v61989221,sum
v61989222,sum
v61989223,sum
v61989224,sum
v62700965,sum
v61989225,sum
v61989226,sum
v61989227,sum
v61989228,sum
v61989229,sum
v61989230,sum
v61989231,sum
v61989232,sum
v61989233,sum
v61989234,sum
v61989235,sum
v61989236,sum
v61989237,sum
v61989238,sum
v61989239,sum
v61989240,sum
v61989241,sum
v61989242,sum
v61989243,sum
v62700964,sum
v61989244,sum
v62700963,sum
v61989245,sum
v61989246,sum
v61989247,sum
v61989248,sum
v61989249,sum
v61989250,sum
v61989251,sum
v61989252,sum
v61989253,sum
v61989254,sum
v61989255,sum
v61989256,sum
v61989257,sum
v61989258,sum
v61989259,sum
v61989260,sum
v61989261,sum
v61989262,sum
v61989263,sum
v61989264,sum
v61989265,sum
v61989266,sum
v61989267,sum
v61989268,sum
v61989269,sum
v61989270,sum
v61989271,sum
v61989272,sum
v61989273,sum
v61989274,sum
v61989275,sum
v61989276,sum
v62700962,sum
v61989277,sum
v61989278,sum
v61989279,sum
v61989280,sum
v61989281,sum
v61989282,sum
v61989283,sum
v61989284,sum
v61989285,sum
v61989286,sum
v61989287,sum
v61989288,sum
v61989289,sum
v61989290,sum
v61989291,sum
v61989292,sum
v61989293,sum
v61989294,sum
v61989295,sum
v62700961,sum
v61989296,sum
v62700960,sum
v61989297,sum
v61989298,sum
v61989299,sum
v61989300,sum
v61989301,sum
v61989302,sum
v61989303,sum
v61989304,sum
v61989305,sum
v61989306,sum
v61989307,sum
v61989308,sum
v61989309,sum
v61989310,sum
v61989311,sum
v61989312,sum
v61989313,sum
v61989314,sum
v61989315,sum
v61989316,sum
v61989317,sum
v61989318,sum
v61989319,sum
v61989320,sum
v61989321,sum
v61989322,sum
v61989323,sum
v61989324,sum
v61989325,sum
v61989326,sum
v61989327,sum
v61989328,sum
v62700971,sum
v61989329,sum
v61989330,sum
v61989331,sum
v61989332,sum
v61989333,sum
v61989334,sum
v61989335,sum
v61989336,sum
v61989337,sum
v61989338,sum
v61989339,sum
v61989340,sum
v61989341,sum
v61989342,sum
v61989343,sum
v61989344,sum
v61989345,sum
v61989346,sum
v61989347,sum
v62700970,sum
v61989348,sum
v62700969,sum
v61989349,sum
v61989350,sum
v61989351,sum
v61989352,sum
v61989353,sum
v61989354,sum
v61989355,sum
v61989356,sum
v61989357,sum
v61989358,sum
v61989359,sum
v61989360,sum
v61989361,sum
v61989362,sum
v61989363,sum
v61989364,sum
v61989365,sum
v61989366,sum
v61989367,sum
v61989368,sum
v61989369,sum
v61989370,sum
v61989371,sum
v61989372,sum
v61989373,sum
v61989374,sum
v61989375,sum
v61989376,sum
v61989377,sum
v61989378,sum
v61989379,sum
v61989380,sum
v62700968,sum
v61989381,sum
v61989382,sum
v61989383,sum
v61989384,sum
v61989385,sum
v61989386,sum
v61989387,sum
v61989388,sum
v61989389,sum
v61989390,sum
v61989391,sum
v61989392,sum
v61989393,sum
v61989394,sum
v61989395,sum
v61989396,sum
v61989397,sum
v61989398,sum
v61989399,sum
v62700967,sum
v61989400,sum
v62700966,sum
v61989401,sum
v61989402,sum
v61989403,sum
v61989404,sum
v61989405,sum
v61989406,sum
v61989407,sum
v61989408,sum
v61989198,sum
v61989199,sum
v61989200,sum
v61989201,sum
v61989202,sum
v61989203,sum
v61989204,sum
v61989205,sum
v61989206,sum
v61989207,sum
v61989208,sum
v61989209,sum
v61989210,sum
v61989211,sum
v61989212,sum
v61989213,sum
v61989214,sum
v61989215,sum
v61989216,sum
v61989217,sum
v61989218,sum
v61989219,sum
v61989220,sum
v61989221,sum
v61989222,sum
v61989223,sum
v61989224,sum
v62700965,sum
v61989225,sum
v61989226,sum
v61989227,sum
v61989228,sum
v61989229,sum
v61989230,sum
v61989231,sum
v61989232,sum
v61989233,sum
v61989234,sum
v61989235,sum
v61989236,sum
v61989237,sum
v61989238,sum
v61989239,sum
v61989240,sum
v61989241,sum
v61989242,sum
v61989243,sum
v62700964,sum
v61989244,sum
v62700963,sum
v61989245,sum
v61989246,sum
v61989247,sum
v61989248,sum
v61989249,sum
v61989250,sum
v61989251,sum
v61989252,sum
v61989253,sum
v61989254,sum
v61989255,sum
v61989256,sum
v61989257,sum
v61989258,sum
v61989259,sum
v61989260,sum
v61989261,sum
v61989262,sum
v61989263,sum
v61989264,sum
v61989265,sum
v61989266,sum
v61989267,sum
v61989268,sum
v61989269,sum
v61989270,sum
v61989271,sum
v61989272,sum
v61989273,sum
v61989274,sum
v61989275,sum
v61989276,sum
v62700962,sum
v61989277,sum
v61989278,sum
v61989279,sum
v61989280,sum
v61989281,sum
v61989282,sum
v61989283,sum
v61989284,sum
v61989285,sum
v61989286,sum
v61989287,sum
v61989288,sum
v61989289,sum
v61989290,sum
v61989291,sum
v61989292,sum
v61989293,sum
v61989294,sum
v61989295,sum
v62700961,sum
v61989296,sum
v62700960,sum
v61989297,sum
v61989298,sum
v61989299,sum
v61989300,sum
v61989301,sum
v61989302,sum
v61989303,sum
v61989304,sum
v61989305,sum
v61989306,sum
v61989307,sum
v61989308,sum
v61989309,sum
v61989310,sum
v61989311,sum
v61989312,sum
v61989313,sum
v61989314,sum
v61989315,sum
v61989316,sum
v61989317,sum
v61989318,sum
v61989319,sum
v61989320,sum
v61989321,sum
v61989322,sum
v61989323,sum
v61989324,sum
v61989325,sum
v61989326,sum
v61989327,sum
v61989328,sum
v62700971,sum
v61989329,sum
v61989330,sum
v61989331,sum
v61989332,sum
v61989333,sum
v61989334,sum
v61989335,sum
v61989336,sum
v61989337,sum
v61989338,sum
v61989339,sum
v61989340,sum
v61989341,sum
v61989342,sum
v61989343,sum
v61989344,sum
v61989345,sum
v61989346,sum
v61989347,sum
v62700970,sum
v61989348,sum
v62700969,sum
v61989349,sum
v61989350,sum
v61989351,sum
v61989352,sum
v61989353,sum
v61989354,sum
v61989355,sum
v61989356,sum
v61989357,sum
v61989358,sum
v61989359,sum
v61989360,sum
v61989361,sum
v61989362,sum
v61989363,sum
v61989364,sum
v61989365,sum
v61989366,sum
v61989367,sum
v61989368,sum
v61989369,sum
v61989370,sum
v61989371,sum
v61989372,sum
v61989373,sum
v61989374,sum
v61989375,sum
v61989376,sum
v61989377,sum
v61989378,sum
v61989379,sum
v61989380,sum
v62700968,sum
v61989381,sum
v61989382,sum
v61989383,sum
v61989384,sum
v61989385,sum
v61989386,sum
v61989387,sum
v61989388,sum
v61989389,sum
v61989390,sum
v61989391,sum
v61989392,sum
v61989393,sum
v61989394,sum
v61989395,sum
v61989396,sum
v61989397,sum
v61989398,sum
v61989399,sum
v62700967,sum
v61989400,sum
v62700966,sum
v61989401,sum
v61989402,sum
v61989403,sum
v61989404,sum
v61989405,sum
v61989406,sum
v61989407,sum
v61989408,sum
V62425528,avg
V62425529,avg
V62425530,avg
V62425531,avg
V62425532,avg
V62425533,avg
V62425535,avg
V62425536,avg
V62425537,avg
V62425538,avg
V62425539,avg
V62425540,avg
V62425541,avg
V62425542,avg
V62425543,avg
V62425544,avg
V62425545,avg
V62425546,avg
V62425547,avg
V62425548,avg
V62425549,avg
V62425550,avg
V62425551,avg
V62425552,avg
V62425553,avg
V62425554,avg
V62425555,avg
V62425556,avg
V62425557,avg
V62425558,avg
V62425559,avg
V62425560,avg
V62425561,avg
V62425562,avg
V62425563,avg
V62425564,avg
V62425565,avg
V62425566,avg
V62425567,avg
V62425568,avg
V62425569,avg
V62425570,avg
V62425571,avg
V62425572,avg
V62425573,avg
V62425574,avg
V62425575,avg
V62425576,avg
V62425577,avg
V62425579,avg
V62425580,avg
V62425581,avg
V62425582,avg
V62425583,avg
V62425584,avg
V62425585,avg
V62425586,avg
V105775326,avg
V62425595,avg
V62425588,avg
V62425587,avg
V62425589,avg
V62425590,avg
V62425591,avg
V62425592,avg
V62425593,avg
V62425596,avg
V62425598,avg
V62425601,avg
V62425599,avg
V62425600,avg
V62425594,avg
V62425602,avg
V62425597,avg
V62425603,avg
V62425604,avg
V62425605,avg
V62425606,avg
V62425607,avg
V62425608,avg
V62425609,avg
V62425610,avg
V62425611,avg
V62425612,avg
V62425613,avg
V62425614,avg
V62425615,avg
V62425616,avg
V62425617,avg
V62425618,avg
V62425619,avg
V62425620,avg
V62425621,avg
V62425622,avg
V62425623,avg
V62425624,avg
V62425625,avg
V62425626,avg
V62425627,avg
V62425628,avg
V62425629,avg
V62425630,avg
V62425631,avg
V62425632,avg
V62425633,avg
V62425639,avg
V62425640,avg
V110565452,avg
V62425641,avg
V62425642,avg
V62425643,avg
V62425644,avg
V62425645,avg
V62425646,avg
V105775327,avg
V62425650,avg
V62425651,avg
V62425652,avg
V62425653,avg
V62425654,avg
V62425655,avg
V62425656,avg
V62425657,avg
V62425658,avg
V62425659,avg
V62425660,avg
V62425661,avg
V62425662,avg
V62425663,avg
V62425664,avg
V62425665,avg
V62425666,avg
V62425667,avg
V62425668,avg
V62425669,avg
V62425670,avg
V62425671,avg
V62425672,avg
V62425673,avg
V62425674,avg
V62425675,avg
V62425676,avg
V62425677,avg
V62700984,avg
V62425679,avg
V62425680,avg
V62425681,avg
V62425682,avg
V62425683,avg
V62425684,avg
V62425685,avg
V62425686,avg
V62425687,avg
V62425688,avg
V62425689,avg
V62425690,avg
V62425691,avg
V62425692,avg
V62425693,avg
V62425694,avg
V62425695,avg
V62425696,avg
V62425697,avg
V62425698,avg
V62425699,avg
V62425700,avg
V62425701,avg
V62425702,avg
V62425703,avg
V62425704,avg
V62425705,avg
V62425706,avg
V62425707,avg
V62425708,avg
V62425709,avg
V62425710,avg
V62425712,avg
V62425713,avg
V62425714,avg
V62425715,avg
V62425716,avg
V62425717,avg
V62425718,avg
V62425719,avg
V62425720,avg
V62425721,avg
V62425722,avg
V62425723,avg
V62425724,avg
V62425725,avg
V62425726,avg
V62425727,avg
V62425728,avg
V62425729,avg
V62425730,avg
V62425731,avg
V62425732,avg
V62425733,avg
V62425734,avg
V62425735,avg
V62425736,avg
V62425737,avg
V62425738,avg
V62425739,avg
V62425740,avg
V62425741,avg
V62425742,avg
V62425743,avg
V62425744,avg
V62425745,avg
V62425746,avg
V62425747,avg
V62425748,avg
V62425749,avg
V62425750,avg
V62425751,avg
V62425752,avg
V62425753,avg
V62425754,avg
V62425755,avg
V62425756,avg
V62425757,avg
V62425758,avg
V62425759,avg
V105775328,avg
V62425760,avg
V62425761,avg
V62425762,avg
V62425763,avg
V62425764,avg
V62425765,avg
V62425766,avg
V62425767,avg
V105775329,avg
V62425768,avg
V62425769,avg
V62425771,avg
V105775330,avg
V62425770,avg
V62425772,avg
V105775331,avg
V105775332,avg
V62425773,avg
V62425774,avg
V62425775,avg
V62425776,avg
V62425777,avg
V62425778,avg
V62425779,avg
V62425780,avg
V62425781,avg
V62425782,avg
V62425783,avg
V62425784,avg
V62425785,avg
V62425786,avg
V62425787,avg
V62425788,avg
V62425789,avg
V62425790,avg
V62425791,avg
V62425792,avg
V62425793,avg
V62425794,avg
V62425795,avg
V62425796,avg
V62425797,avg
V62425798,avg
V62425800,avg
V62425801,avg
V62425806,avg
V62425807,avg
V62425808,avg
V62425809,avg
V62425810,avg
V62425811,avg
V62425812,avg
V62425813,avg
V62425814,avg
V62425815,avg
V62425816,avg
V62425817,avg
V62425818,avg
V62425819,avg
V62425820,avg
V62425821,avg
V62425822,avg
V62425823,avg
V62425824,avg
V62425825,avg
V62425826,avg
V62425827,avg
V62425828,avg
V62425829,avg
V62425830,avg
V62425831,avg
V62425832,avg
V62425833,avg
V62425834,avg
V62425835,avg
V62425836,avg
V62425837,avg
V62425838,avg
V62425839,avg
V105775333,avg
V62425840,avg
V62425841,avg
V62425842,avg
V62425843,avg
V62425844,avg
V62425845,avg
V62425846,avg
V62425848,avg
V62425849,avg
V62425850,avg
V62425851,avg
V62425852,avg
V62425853,avg
V62425854,avg
V62425855,avg
V62425856,avg
V62425857,avg
V62425858,avg
V62425859,avg
V62425860,avg
V62425861,avg
V62425862,avg
V62425863,avg
V62425864,avg
V62425865,avg
V62425866,avg
V62425867,avg
V62425868,avg
V62425869,avg
V62425870,avg
V62425871,avg
V62425872,avg
V62425873,avg
V62425874,avg
V62425875,avg
V62425876,avg
V62425877,avg
V62425878,avg
V62425879,avg
V62425880,avg
V62425881,avg
V62425882,avg
V62425883,avg
V62425884,avg
V62425885,avg
V62425886,avg
V62425887,avg
V62425888,avg
V62425889,avg
V62425890,avg
V62425891,avg
V62425892,avg
V62425893,avg
V62425894,avg
V62425895,avg
V105775334,avg
V62425896,avg
V62425897,avg
V62425898,avg
V62425899,avg
V62425900,avg
V62425901,avg
V62425902,avg
V62425903,avg
V105775335,avg
V62425904,avg
V62425905,avg
V62425906,avg
V62425907,avg
V62425908,avg
V62425909,avg
V62425910,avg
V62425911,avg
V62426295,avg
V61989198,avg
V61989199,avg
V61989200,avg
V61989201,avg
V61989202,avg
V61989203,avg
V61989204,avg
V61989205,avg
V61989206,avg
V61989207,avg
V61989208,avg
V61989209,avg
V61989210,avg
V61989211,avg
V61989212,avg
V61989213,avg
V61989214,avg
V61989215,avg
V61989216,avg
V61989217,avg
V61989218,avg
V61989219,avg
V61989220,avg
V61989221,avg
V61989222,avg
V61989223,avg
V61989224,avg
V62700965,avg
V61989225,avg
V61989226,avg
V61989227,avg
V61989228,avg
V61989229,avg
V61989230,avg
V61989231,avg
V61989232,avg
V61989233,avg
V61989234,avg
V61989235,avg
V61989236,avg
V61989237,avg
V61989238,avg
V61989239,avg
V61989240,avg
V61989241,avg
V61989242,avg
V61989243,avg
V62700964,avg
V61989244,avg
V62700963,avg
V61989245,avg
V61989246,avg
V61989247,avg
V61989248,avg
V61989249,avg
V61989250,avg
V61989251,avg
V61989252,avg
V61989253,avg
V61989254,avg
V61989255,avg
V61989256,avg
V61989257,avg
V61989258,avg
V61989259,avg
V61989260,avg
V61989261,avg
V61989262,avg
V61989263,avg
V61989264,avg
V61989265,avg
V61989266,avg
V61989267,avg
V61989268,avg
V61989269,avg
V61989270,avg
V61989271,avg
V61989272,avg
V61989273,avg
V61989274,avg
V61989275,avg
V61989276,avg
V62700962,avg
V61989277,avg
V61989278,avg
V61989279,avg
V61989280,avg
V61989281,avg
V61989282,avg
V61989283,avg
V61989284,avg
V61989285,avg
V61989286,avg
V61989287,avg
V61989288,avg
V61989289,avg
V61989290,avg
V61989291,avg
V61989292,avg
V61989293,avg
V61989294,avg
V61989295,avg
V62700961,avg
V61989296,avg
V62700960,avg
V61989297,avg
V61989298,avg
V61989299,avg
V61989300,avg
V61989301,avg
V61989302,avg
V61989303,avg
V61989304,avg
V61989305,avg
V61989306,avg
V61989307,avg
V61989308,avg
V61989309,avg
V61989310,avg
V61989311,avg
V61989312,avg
V61989313,avg
V61989314,avg
V61989315,avg
V61989316,avg
V61989317,avg
V61989318,avg
V61989319,avg
V61989320,avg
V61989321,avg
V61989322,avg
V61989323,avg
V61989324,avg
V61989325,avg
V61989326,avg
V61989327,avg
V61989328,avg
V62700971,avg
V61989329,avg
V61989330,avg
V61989331,avg
V61989332,avg
V61989333,avg
V61989334,avg
V61989335,avg
V61989336,avg
V61989337,avg
V61989338,avg
V61989339,avg
V61989340,avg
V61989341,avg
V61989342,avg
V61989343,avg
V61989344,avg
V61989345,avg
V61989346,avg
V61989347,avg
V62700970,avg
V61989348,avg
V62700969,avg
V61989349,avg
V61989350,avg
V61989351,avg
V61989352,avg
V61989353,avg
V61989354,avg
V61989355,avg
V61989356,avg
V61989357,avg
V61989358,avg
V61989359,avg
V61989360,avg
V61989361,avg
V61989362,avg
V61989363,avg
V61989364,avg
V61989365,avg
V61989366,avg
V61989367,avg
V61989368,avg
V61989369,avg
V61989370,avg
V61989371,avg
V61989372,avg
V61989373,avg
V61989374,avg
V61989375,avg
V61989376,avg
V61989377,avg
V61989378,avg
V61989379,avg
V61989380,avg
V62700968,avg
V61989381,avg
V61989382,avg
V61989383,avg
V61989384,avg
V61989385,avg
V61989386,avg
V61989387,avg
V61989388,avg
V61989389,avg
V61989390,avg
V61989391,avg
V61989392,avg
V61989393,avg
V61989394,avg
V61989395,avg
V61989396,avg
V61989397,avg
V61989398,avg
V61989399,avg
V62700967,avg
V61989400,avg
V62700966,avg
V61989401,avg
V61989402,avg
V61989403,avg
V61989404,avg
V61989405,avg
V61989406,avg
V61989407,avg
V61989408,avg
V61989198,avg
V61989199,avg
V61989200,avg
V61989201,avg
V61989202,avg
V61989203,avg
V61989204,avg
V61989205,avg
V61989206,avg
V61989207,avg
V61989208,avg
V61989209,avg
V61989210,avg
V61989211,avg
V61989212,avg
V61989213,avg
V61989214,avg
V61989215,avg
V61989216,avg
V61989217,avg
V61989218,avg
V61989219,avg
V61989220,avg
V61989221,avg
V61989222,avg
V61989223,avg
V61989224,avg
V62700965,avg
V61989225,avg
V61989226,avg
V61989227,avg
V61989228,avg
V61989229,avg
V61989230,avg
V61989231,avg
V61989232,avg
V61989233,avg
V61989234,avg
V61989235,avg
V61989236,avg
V61989237,avg
V61989238,avg
V61989239,avg
V61989240,avg
V61989241,avg
V61989242,avg
V61989243,avg
V62700964,avg
V61989244,avg
V62700963,avg
V61989245,avg
V61989246,avg
V61989247,avg
V61989248,avg
V61989249,avg
V61989250,avg
V61989251,avg
V61989252,avg
V61989253,avg
V61989254,avg
V61989255,avg
V61989256,avg
V61989257,avg
V61989258,avg
V61989259,avg
V61989260,avg
V61989261,avg
V61989262,avg
V61989263,avg
V61989264,avg
V61989265,avg
V61989266,avg
V61989267,avg
V61989268,avg
V61989269,avg
V61989270,avg
V61989271,avg
V61989272,avg
V61989273,avg
V61989274,avg
V61989275,avg
V61989276,avg
V62700962,avg
V61989277,avg
V61989278,avg
V61989279,avg
V61989280,avg
V61989281,avg
V61989282,avg
V61989283,avg
V61989284,avg
V61989285,avg
V61989286,avg
V61989287,avg
V61989288,avg
V61989289,avg
V61989290,avg
V61989291,avg
V61989292,avg
V61989293,avg
V61989294,avg
V61989295,avg
V62700961,avg
V61989296,avg
V62700960,avg
V61989297,avg
V61989298,avg
V61989299,avg
V61989300,avg
V61989301,avg
V61989302,avg
V61989303,avg
V61989304,avg
V61989305,avg
V61989306,avg
V61989307,avg
V61989308,avg
V61989309,avg
V61989310,avg
V61989311,avg
V61989312,avg
V61989313,avg
V61989314,avg
V61989315,avg
V61989316,avg
V61989317,avg
V61989318,avg
V61989319,avg
V61989320,avg
V61989321,avg
V61989322,avg
V61989323,avg
V61989324,avg
V61989325,avg
V61989326,avg
V61989327,avg
V61989328,avg
V62700971,avg
V61989329,avg
V61989330,avg
V61989331,avg
V61989332,avg
V61989333,avg
V61989334,avg
V61989335,avg
V61989336,avg
V61989337,avg
V61989338,avg
V61989339,avg
V61989340,avg
V61989341,avg
V61989342,avg
V61989343,avg
V61989344,avg
V61989345,avg
V61989346,avg
V61989347,avg
V62700970,avg
V61989348,avg
V62700969,avg
V61989349,avg
V61989350,avg
V61989351,avg
V61989352,avg
V61989353,avg
V61989354,avg
V61989355,avg
V61989356,avg
V61989357,avg
V61989358,avg
V61989359,avg
V61989360,avg
V61989361,avg
V61989362,avg
V61989363,avg
V61989364,avg
V61989365,avg
V61989366,avg
V61989367,avg
V61989368,avg
V61989369,avg
V61989370,avg
V61989371,avg
V61989372,avg
V61989373,avg
V61989374,avg
V61989375,avg
V61989376,avg
V61989377,avg
V61989378,avg
V61989379,avg
V61989380,avg
V62700968,avg
V61989381,avg
V61989382,avg
V61989383,avg
V61989384,avg
V61989385,avg
V61989386,avg
V61989387,avg
V61989388,avg
V61989389,avg
V61989390,avg
V61989391,avg
V61989392,avg
V61989393,avg
V61989394,avg
V61989395,avg
V61989396,avg
V61989397,avg
V61989398,avg
V61989399,avg
V62700967,avg
V61989400,avg
V62700966,avg
V61989401,avg
V61989402,avg
V61989403,avg
V61989404,avg
V61989405,avg
V61989406,avg
V61989407,avg
V61989408,avg
