"1.upload","ALBERTA","CUMODAA","V","L","201701","202201","202201","5@01",5.27739362437728,3.95804521828296,2.63869681218864,1.31934840609432,0
"1.upload","ALBERTA","CUMODAC","V","L","201701","202201","202201","5@01",5.63326749431326,4.22495062073494,2.81663374715663,1.40831687357831,0
"1.upload","ALBERTA","CUMODACC","V","L","201701","202201","202201","5@01",-1.32892666114202,-0.996694995856515,-0.66446333057101,-0.332231665285505,0
"1.upload","ALBERTA","CUMODAF","V","L","201701","202201","202201","5@01",-6.79612272077549,-5.09709204058161,-3.39806136038774,-1.69903068019387,0
"1.upload","ALBERTA","CUMODAH","V","L","201701","202201","202201","5@01",-45.6613139787034,-34.2459854840275,-22.8306569893517,-11.4153284946758,0
"1.upload","ALBERTA","CUMODART","V","L","201701","202201","202201","5@01",-1.6244666686714,-1.21835000150355,-0.812233334335701,-0.406116667167851,0
"1.upload","ALBERTA","CUMODAS","V","L","201701","202201","202201","5@01",5.72900341236391,4.29675255927293,2.86450170618195,1.43225085309098,0
"1.upload","ALBERTA","CUMODAWMS","V","L","201701","202201","202201","5@01",0.0361127104520165,0.0270845328390124,0.0180563552260082,0.00902817761300412,0
"1.upload","ALBERTA","CUMODCON","V","L","201701","202201","202201","5@01",-3.42997665993749,-2.57248249495312,-1.71498832996875,-0.857494164984374,0
"1.upload","ALBERTA","CUMODEDU","V","L","201701","202201","202201","5@01",0.897019527599525,0.672764645699644,0.448509763799763,0.224254881899881,0
"1.upload","ALBERTA","CUMODEMC","V","L","201701","202201","202201","5@01",1.76291122220562,1.32218341665421,0.881455611102808,0.440727805551404,0
"1.upload","ALBERTA","CUMODEMMC","V","L","201701","202201","202201","5@01",0.845128613265835,0.633846459949376,0.422564306632918,0.211282153316459,0
"1.upload","ALBERTA","CUMODEMMG","V","L","201701","202201","202201","5@01",-21.3804916364833,-16.0353687273625,-10.6902458182417,-5.34512290912083,0
"1.upload","ALBERTA","CUMODEMMI","V","L","201701","202201","202201","5@01",-140.120726254336,-105.090544690752,-70.060363127168,-35.030181563584,0.000000000000014210854715202
"1.upload","ALBERTA","CUMODEMMO","V","L","201701","202201","202201","5@01",0.298588933461588,0.223941700096191,0.149294466730794,0.0746472333653969,0
"1.upload","ALBERTA","CUMODEMN","V","L","201701","202201","202201","5@01",-0.549481713909188,-0.412111285431891,-0.274740856954594,-0.137370428477297,0
"1.upload","ALBERTA","CUMODEO","V","L","201701","202201","202201","5@01",0.523883782732923,0.392912837049693,0.261941891366462,0.130970945683231,0
"1.upload","ALBERTA","CUMODES","V","L","201701","202201","202201","5@01",-8.69327660216356,-6.51995745162267,-4.34663830108178,-2.17331915054089,0
"1.upload","ALBERTA","CUMODFIN","V","L","201701","202201","202201","5@01",-1.13877685012625,-0.854082637594686,-0.569388425063124,-0.284694212531562,0
"1.upload","ALBERTA","CUMODHEAL","V","L","201701","202201","202201","5@01",-1.85945443633415,-1.39459082725061,-0.929727218167073,-0.464863609083537,0
"1.upload","ALBERTA","CUMODINFO","V","L","201701","202201","202201","5@01",1.85386589630752,1.39039942223064,0.926932948153762,0.463466474076881,0
"1.upload","ALBERTA","CUMODMB","V","L","201701","202201","202201","5@01",-2.93627388926126,-2.20220541694594,-1.46813694463063,-0.734068472315315,0
"1.upload","ALBERTA","CUMODMC","V","L","201701","202201","202201","5@01",-3.16677716414915,-2.37508287311186,-1.58338858207458,-0.791694291037288,0
"1.upload","ALBERTA","CUMODMCHEMB","V","L","201701","202201","202201","5@01",3.9637642320389,2.97282317402917,1.98188211601945,0.990941058009724,0
"1.upload","ALBERTA","CUMODMCHEMF","V","L","201701","202201","202201","5@01",6.58753723499672,4.94065292624754,3.29376861749836,1.64688430874918,0
"1.upload","ALBERTA","CUMODMCHEMM","V","L","201701","202201","202201","5@01",-10.0144962127462,-7.51087215955963,-5.00724810637308,-2.50362405318654,0
"1.upload","ALBERTA","CUMODMCOM","V","L","201701","202201","202201","5@01",-8.53143219124803,-6.39857414343602,-4.26571609562401,-2.13285804781201,0
"1.upload","ALBERTA","CUMODMELC","V","L","201701","202201","202201","5@01",-1.60359939461102,-1.20269954595827,-0.801799697305512,-0.400899848652756,0
"1.upload","ALBERTA","CUMODMF","V","L","201701","202201","202201","5@01",-0.167339524975034,-0.125504643731276,-0.0836697624875171,-0.0418348812437586,0
"1.upload","ALBERTA","CUMODMFMP","V","L","201701","202201","202201","5@01",-7.98452777996232,-5.98839583497174,-3.99226388998116,-1.99613194499058,0
"1.upload","ALBERTA","CUMODMFUR","V","L","201701","202201","202201","5@01",-1.69091755386233,-1.26818816539675,-0.845458776931167,-0.422729388465584,0
"1.upload","ALBERTA","CUMODMMAC","V","L","201701","202201","202201","5@01",-10.2700255073503,-7.70251913051275,-5.13501275367517,-2.56750637683758,0
"1.upload","ALBERTA","CUMODMMETA","V","L","201701","202201","202201","5@01",0.230414881314118,0.172811160985589,0.115207440657059,0.0576037203285296,0
"1.upload","ALBERTA","CUMODMMETF","V","L","201701","202201","202201","5@01",3.39878622680629,2.54908967010472,1.69939311340315,0.849696556701574,0
"1.upload","ALBERTA","CUMODMMETFN","V","L","201701","202201","202201","5@01",-113.458434652616,-85.0938259894622,-56.7292173263081,-28.3646086631541,0
"1.upload","ALBERTA","CUMODMMETI","V","L","201701","202201","202201","5@01",-1.50494766606727,-1.12871074955045,-0.752473833033633,-0.376236916516817,0
"1.upload","ALBERTA","CUMODMMETN","V","L","201701","202201","202201","5@01",-2.64525990074105,-1.98394492555579,-1.32262995037053,-0.661314975185263,0
"1.upload","ALBERTA","CUMODMMETS","V","L","201701","202201","202201","5@01",-4.30376990279797,-3.22782742709848,-2.15188495139898,-1.07594247569949,0
"1.upload","ALBERTA","CUMODMMIS","V","L","201701","202201","202201","5@01",-3.68475911420461,-2.76356933565346,-1.8423795571023,-0.921189778551152,0
"1.upload","ALBERTA","CUMODMNMAO","V","L","201701","202201","202201","5@01",-3.53964292519692,-2.65473219389769,-1.76982146259846,-0.884910731299229,0
"1.upload","ALBERTA","CUMODMNMC","V","L","201701","202201","202201","5@01",-7.60974450477647,-5.70730837858235,-3.80487225238824,-1.90243612619412,0
"1.upload","ALBERTA","CUMODMPC","V","L","201701","202201","202201","5@01",4.70546584034679,3.52909938026009,2.35273292017339,1.1763664600867,0
"1.upload","ALBERTA","CUMODMPETA","V","L","201701","202201","202201","5@01",1.88400081129515,1.41300060847136,0.942000405647576,0.471000202823788,0
"1.upload","ALBERTA","CUMODMPETAO","V","L","201701","202201","202201","5@01",0.372252325024078,0.279189243768059,0.186126162512039,0.0930630812560196,0
"1.upload","ALBERTA","CUMODMPETO","V","L","201701","202201","202201","5@01",101.419133853684,76.0643503902628,50.7095669268419,25.3547834634209,0.000000000000007105427357601
"1.upload","ALBERTA","CUMODMPETR","V","L","201701","202201","202201","5@01",-4.35865358636306,-3.2689901897723,-2.17932679318153,-1.08966339659077,0
"1.upload","ALBERTA","CUMODMPP","V","L","201701","202201","202201","5@01",8.20687970783951,6.15515978087963,4.10343985391975,2.05171992695988,0
"1.upload","ALBERTA","CUMODMPRIN","V","L","201701","202201","202201","5@01",0.179947526496278,0.134960644872208,0.089973763248139,0.0449868816240695,0
"1.upload","ALBERTA","CUMODMRUBP","V","L","201701","202201","202201","5@01",-1.93948247458877,-1.45461185594158,-0.969741237294386,-0.484870618647193,0
"1.upload","ALBERTA","CUMODMT","V","L","201701","202201","202201","5@01",-1.77598148558417,-1.33198611418813,-0.887990742792084,-0.443995371396042,0
"1.upload","ALBERTA","CUMODMTEQ","V","L","201701","202201","202201","5@01",2.16142721970584,1.62107041477938,1.08071360985292,0.540356804926461,0
"1.upload","ALBERTA","CUMODMW","V","L","201701","202201","202201","5@01",-0.960962946209065,-0.720722209656799,-0.480481473104533,-0.240240736552266,0
"1.upload","ALBERTA","CUMODOTHS","V","L","201701","202201","202201","5@01",-2.82213633240218,-2.11660224930164,-1.41106816620109,-0.705534083100545,0
"1.upload","ALBERTA","CUMODPROF","V","L","201701","202201","202201","5@01",-2.95422954254292,-2.21567215690719,-1.47711477127146,-0.73855738563573,0
"1.upload","ALBERTA","CUMODPUB","V","L","201701","202201","202201","5@01",-0.365354502282287,-0.274015876711715,-0.182677251141143,-0.0913386255705717,0
"1.upload","ALBERTA","CUMODRE","V","L","201701","202201","202201","5@01",-3.17754160437659,-2.38315620328244,-1.58877080218829,-0.794385401094146,0
"1.upload","ALBERTA","CUMODRET","V","L","201701","202201","202201","5@01",-2.88994704888523,-2.16746028666392,-1.44497352444262,-0.722486762221308,0
"1.upload","ALBERTA","CUMODTA","V","L","201701","202201","202201","5@01",-2.05354692452488,-1.54016019339366,-1.02677346226244,-0.51338673113122,0
"1.upload","ALBERTA","CUMODTCMP","V","L","201701","202201","202201","5@01",2.01189207355441,1.5089190551658,1.0059460367772,0.502973018388602,0
"1.upload","ALBERTA","CUMODTR","V","L","201701","202201","202201","5@01",0.414848105955912,0.311136079466934,0.207424052977956,0.103712026488978,0
"1.upload","ALBERTA","CUMODTS","V","L","201701","202201","202201","5@01",2.76020969494027,2.0701572712052,1.38010484747014,0.690052423735068,0
"1.upload","ALBERTA","CUMODTT","V","L","201701","202201","202201","5@01",-2.52528089021354,-1.89396066766015,-1.26264044510677,-0.631320222553384,0
"1.upload","ALBERTA","CUMODTW","V","L","201701","202201","202201","5@01",-8.72971818370644,-6.54728863777983,-4.36485909185322,-2.18242954592661,0
"1.upload","ALBERTA","CUMODTWS","V","L","201701","202201","202201","5@01",-1.87211028202711,-1.40408271152033,-0.936055141013554,-0.468027570506777,0
"1.upload","ALBERTA","CUMODUE","V","L","201701","202201","202201","5@01",-0.341720144072326,-0.256290108054245,-0.170860072036163,-0.0854300360180815,0
"1.upload","ALBERTA","CUMODUG","V","L","201701","202201","202201","5@01",-2.41508092990188,-1.81131069742641,-1.20754046495094,-0.603770232475469,0
"1.upload","ALBERTA","CUMODUW","V","L","201701","202201","202201","5@01",-2.33507733137202,-1.75130799852901,-1.16753866568601,-0.583769332843005,0
"1.upload","ALBERTA","CUMODWHT","V","L","201701","202201","202201","5@01",-4.40955883646893,-3.3071691273517,-2.20477941823447,-1.10238970911723,0
"1.upload","B_COLUMB","CUMODAA","V","L","201701","202201","202201","5@01",2.98186963916805,2.23640222937604,1.49093481958403,0.745467409792013,0
"1.upload","B_COLUMB","CUMODAC","V","L","201701","202201","202201","5@01",-3.06884966609573,-2.3016372495718,-1.53442483304786,-0.767212416523932,0
"1.upload","B_COLUMB","CUMODACC","V","L","201701","202201","202201","5@01",0.549436369827845,0.412077277370884,0.274718184913922,0.137359092456961,0
"1.upload","B_COLUMB","CUMODAF","V","L","201701","202201","202201","5@01",-1.05710110552252,-0.79282582914189,-0.52855055276126,-0.26427527638063,0
"1.upload","B_COLUMB","CUMODAH","V","L","201701","202201","202201","5@01",-0.785244988333034,-0.588933741249775,-0.392622494166517,-0.196311247083258,0
"1.upload","B_COLUMB","CUMODART","V","L","201701","202201","202201","5@01",-1.3576854916991,-1.01826411877433,-0.678842745849551,-0.339421372924775,0
"1.upload","B_COLUMB","CUMODAS","V","L","201701","202201","202201","5@01",-0.236032192409823,-0.177024144307367,-0.118016096204911,-0.0590080481024557,0
"1.upload","B_COLUMB","CUMODAWMS","V","L","201701","202201","202201","5@01",-0.682233974092412,-0.511675480569309,-0.341116987046206,-0.170558493523103,0
"1.upload","B_COLUMB","CUMODCON","V","L","201701","202201","202201","5@01",-0.112526231995389,-0.0843946739965418,-0.0562631159976945,-0.0281315579988473,0
"1.upload","B_COLUMB","CUMODEDU","V","L","201701","202201","202201","5@01",-0.389915111719858,-0.292436333789894,-0.194957555859929,-0.0974787779299646,0
"1.upload","B_COLUMB","CUMODEMC","V","L","201701","202201","202201","5@01",5.1603911106244,3.8702933329683,2.5801955553122,1.2900977776561,0
"1.upload","B_COLUMB","CUMODEMMC","V","L","201701","202201","202201","5@01",2.68887715395294,2.01665786546471,1.34443857697647,0.672219288488236,0
"1.upload","B_COLUMB","CUMODEMMG","V","L","201701","202201","202201","5@01",9.17467028366048,6.88100271274536,4.58733514183024,2.29366757091512,0
"1.upload","B_COLUMB","CUMODEMMI","V","L","201701","202201","202201","5@01",20.5353796818416,15.4015347613812,10.2676898409208,5.1338449204604,0
"1.upload","B_COLUMB","CUMODEMMO","V","L","201701","202201","202201","5@01",1.48299142081669,1.11224356561252,0.741495710408344,0.370747855204172,0
"1.upload","B_COLUMB","CUMODEMN","V","L","201701","202201","202201","5@01",4.69089626295926,3.51817219721944,2.34544813147963,1.17272406573981,0
"1.upload","B_COLUMB","CUMODEO","V","L","201701","202201","202201","5@01",4.91883419785466,3.689125648391,2.45941709892733,1.22970854946367,0
"1.upload","B_COLUMB","CUMODES","V","L","201701","202201","202201","5@01",-4.6652329755301,-3.49892473164758,-2.33261648776505,-1.16630824388253,0
"1.upload","B_COLUMB","CUMODFIN","V","L","201701","202201","202201","5@01",-1.06756711883776,-0.800675339128318,-0.533783559418879,-0.266891779709439,0
"1.upload","B_COLUMB","CUMODHEAL","V","L","201701","202201","202201","5@01",0.297855595513283,0.223391696634962,0.148927797756642,0.0744638988783208,0
"1.upload","B_COLUMB","CUMODINFO","V","L","201701","202201","202201","5@01",2.91348998795485,2.18511749096614,1.45674499397742,0.728372496988712,0
"1.upload","B_COLUMB","CUMODMB","V","L","201701","202201","202201","5@01",1.50659527673753,1.12994645755315,0.753297638368764,0.376648819184382,0
"1.upload","B_COLUMB","CUMODMC","V","L","201701","202201","202201","5@01",-6.38472487255086,-4.78854365441315,-3.19236243627543,-1.59618121813772,0
"1.upload","B_COLUMB","CUMODMCHEMB","V","L","201701","202201","202201","5@01",0.796991245336187,0.59774343400214,0.398495622668094,0.199247811334047,0
"1.upload","B_COLUMB","CUMODMCHEMF","V","L","201701","202201","202201","5@01",13.6192837450045,10.2144628087534,6.80964187250225,3.40482093625113,0
"1.upload","B_COLUMB","CUMODMCHEMM","V","L","201701","202201","202201","5@01",3.5344730463882,2.65085478479115,1.7672365231941,0.88361826159705,0
"1.upload","B_COLUMB","CUMODMCOM","V","L","201701","202201","202201","5@01",-1.73421341720399,-1.30066006290299,-0.867106708601995,-0.433553354300997,0
"1.upload","B_COLUMB","CUMODMELC","V","L","201701","202201","202201","5@01",1.35809893049668,1.01857419787251,0.67904946524834,0.33952473262417,0
"1.upload","B_COLUMB","CUMODMF","V","L","201701","202201","202201","5@01",-0.258846542184017,-0.194134906638013,-0.129423271092008,-0.0647116355460042,0
"1.upload","B_COLUMB","CUMODMFMP","V","L","201701","202201","202201","5@01",-3.28444041953873,-2.46333031465404,-1.64222020976936,-0.821110104884681,0
"1.upload","B_COLUMB","CUMODMFUR","V","L","201701","202201","202201","5@01",0.4989281684189,0.374196126314175,0.24946408420945,0.124732042104725,0
"1.upload","B_COLUMB","CUMODMMAC","V","L","201701","202201","202201","5@01",-2.53808298420893,-1.9035622381567,-1.26904149210446,-0.634520746052232,0
"1.upload","B_COLUMB","CUMODMMETA","V","L","201701","202201","202201","5@01",51.7034505287157,38.7775878965368,25.8517252643578,12.9258626321789,0
"1.upload","B_COLUMB","CUMODMMETF","V","L","201701","202201","202201","5@01",7.13274972634196,5.34956229475647,3.56637486317098,1.78318743158549,0
"1.upload","B_COLUMB","CUMODMMETI","V","L","201701","202201","202201","5@01",-19.8024754924215,-14.8518566193161,-9.90123774621075,-4.95061887310538,0
"1.upload","B_COLUMB","CUMODMMETN","V","L","201701","202201","202201","5@01",7.4224959232248,5.5668719424186,3.7112479616124,1.8556239808062,0
"1.upload","B_COLUMB","CUMODMMETS","V","L","201701","202201","202201","5@01",-4.72354948760966,-3.54266211570724,-2.36177474380483,-1.18088737190241,0
"1.upload","B_COLUMB","CUMODMMIS","V","L","201701","202201","202201","5@01",0.0838539613567946,0.0628904710175959,0.0419269806783973,0.0209634903391986,0
"1.upload","B_COLUMB","CUMODMNMAO","V","L","201701","202201","202201","5@01",-0.0959941210402349,-0.0719955907801761,-0.0479970605201174,-0.0239985302600587,0
"1.upload","B_COLUMB","CUMODMNMC","V","L","201701","202201","202201","5@01",-0.644748339673527,-0.483561254755145,-0.322374169836763,-0.161187084918382,0
"1.upload","B_COLUMB","CUMODMPC","V","L","201701","202201","202201","5@01",1.13925471369129,0.854441035268465,0.569627356845643,0.284813678422822,0
"1.upload","B_COLUMB","CUMODMPETA","V","L","201701","202201","202201","5@01",-2.67956778454646,-2.00967583840985,-1.33978389227323,-0.669891946136616,0
"1.upload","B_COLUMB","CUMODMPETAO","V","L","201701","202201","202201","5@01",-8.1431921484986,-6.10739411137395,-4.0715960742493,-2.03579803712465,0
"1.upload","B_COLUMB","CUMODMPETO","V","L","201701","202201","202201","5@01",-29.173909189591,-21.8804318921933,-14.5869545947955,-7.29347729739775,0
"1.upload","B_COLUMB","CUMODMPETR","V","L","201701","202201","202201","5@01",0.804619012285741,0.603464259214306,0.402309506142871,0.201154753071435,0
"1.upload","B_COLUMB","CUMODMPP","V","L","201701","202201","202201","5@01",-2.99996516295238,-2.24997387221428,-1.49998258147619,-0.749991290738095,0
"1.upload","B_COLUMB","CUMODMPRIN","V","L","201701","202201","202201","5@01",1.62956067148826,1.2221705036162,0.814780335744132,0.407390167872066,0
"1.upload","B_COLUMB","CUMODMRUBP","V","L","201701","202201","202201","5@01",-2.46818664324195,-1.85113998243146,-1.23409332162097,-0.617046660810487,0
"1.upload","B_COLUMB","CUMODMT","V","L","201701","202201","202201","5@01",0.296479573377155,0.222359680032866,0.148239786688578,0.0741198933442888,0
"1.upload","B_COLUMB","CUMODMTEQ","V","L","201701","202201","202201","5@01",-0.724269497022476,-0.543202122766857,-0.362134748511238,-0.181067374255619,0
"1.upload","B_COLUMB","CUMODMW","V","L","201701","202201","202201","5@01",0.52076654454595,0.390574908409462,0.260383272272975,0.130191636136487,0
"1.upload","B_COLUMB","CUMODOTHS","V","L","201701","202201","202201","5@01",-2.54457854044603,-1.90843390533452,-1.27228927022301,-0.636144635111506,0
"1.upload","B_COLUMB","CUMODPROF","V","L","201701","202201","202201","5@01",-0.779831847803223,-0.584873885852417,-0.389915923901611,-0.194957961950806,0
"1.upload","B_COLUMB","CUMODPUB","V","L","201701","202201","202201","5@01",0.00678141096898344,0.00508605822673758,0.00339070548449172,0.00169535274224586,0
"1.upload","B_COLUMB","CUMODRE","V","L","201701","202201","202201","5@01",0.393215689954047,0.294911767465535,0.196607844977024,0.0983039224885118,0
"1.upload","B_COLUMB","CUMODRET","V","L","201701","202201","202201","5@01",1.0532592907569,0.789944468067674,0.526629645378449,0.263314822689225,0
"1.upload","B_COLUMB","CUMODTA","V","L","201701","202201","202201","5@01",-1.31169081573972,-0.983768111804793,-0.655845407869862,-0.327922703934931,0
"1.upload","B_COLUMB","CUMODTCMP","V","L","201701","202201","202201","5@01",1.06745457942452,0.80059093456839,0.53372728971226,0.26686364485613,0
"1.upload","B_COLUMB","CUMODTR","V","L","201701","202201","202201","5@01",-4.7299102045821,-3.54743265343657,-2.36495510229105,-1.18247755114552,0
"1.upload","B_COLUMB","CUMODTS","V","L","201701","202201","202201","5@01",1.07901031858177,0.809257738936324,0.539505159290883,0.269752579645441,0
"1.upload","B_COLUMB","CUMODTT","V","L","201701","202201","202201","5@01",-0.794342499002028,-0.595756874251521,-0.397171249501014,-0.198585624750507,0
"1.upload","B_COLUMB","CUMODTW","V","L","201701","202201","202201","5@01",-4.18380143343427,-3.1378510750757,-2.09190071671713,-1.04595035835857,0
"1.upload","B_COLUMB","CUMODTWS","V","L","201701","202201","202201","5@01",5.44469568985022,4.08352176738767,2.72234784492511,1.36117392246256,0
"1.upload","B_COLUMB","CUMODUE","V","L","201701","202201","202201","5@01",1.05712596737362,0.792844475530217,0.528562983686811,0.264281491843406,0
"1.upload","B_COLUMB","CUMODUG","V","L","201701","202201","202201","5@01",-3.3988944218973,-2.54917081642297,-1.69944721094865,-0.849723605474324,0
"1.upload","B_COLUMB","CUMODUW","V","L","201701","202201","202201","5@01",2.57773828355937,1.93330371266953,1.28886914177968,0.644434570889842,0
"1.upload","B_COLUMB","CUMODWHT","V","L","201701","202201","202201","5@01",0.408044917860764,0.306033688395573,0.204022458930382,0.102011229465191,0
"1.upload","MANITOBA","CUMODAA","V","L","201701","202201","202201","5@01",0.874564907879289,0.655923680909467,0.437282453939645,0.218641226969822,0
"1.upload","MANITOBA","CUMODAC","V","L","201701","202201","202201","5@01",1.55272134997119,1.1645410124784,0.776360674985597,0.388180337492798,0
"1.upload","MANITOBA","CUMODACC","V","L","201701","202201","202201","5@01",0.446049949495375,0.334537462121531,0.223024974747688,0.111512487373844,0
"1.upload","MANITOBA","CUMODAF","V","L","201701","202201","202201","5@01",1.44805900460511,1.08604425345384,0.724029502302557,0.362014751151278,0
"1.upload","MANITOBA","CUMODAH","V","L","201701","202201","202201","5@01",0.641680592265459,0.481260444199094,0.320840296132729,0.160420148066365,0
"1.upload","MANITOBA","CUMODART","V","L","201701","202201","202201","5@01",2.85167697266047,2.13875772949535,1.42583848633024,0.712919243165118,0
"1.upload","MANITOBA","CUMODAS","V","L","201701","202201","202201","5@01",-2.60340755543325,-1.95255566657494,-1.30170377771663,-0.650851888858313,0
"1.upload","MANITOBA","CUMODAWMS","V","L","201701","202201","202201","5@01",-0.405874101491577,-0.304405576118683,-0.202937050745788,-0.101468525372894,0
"1.upload","MANITOBA","CUMODCON","V","L","201701","202201","202201","5@01",2.41942766142557,1.81457074606918,1.20971383071279,0.604856915356393,0
"1.upload","MANITOBA","CUMODEDU","V","L","201701","202201","202201","5@01",1.62058494903476,1.21543871177607,0.810292474517382,0.405146237258691,0
"1.upload","MANITOBA","CUMODEMMC","V","L","201701","202201","202201","5@01",5.67186573578482,4.25389930183862,2.83593286789241,1.41796643394621,0
"1.upload","MANITOBA","CUMODEMMG","V","L","201701","202201","202201","5@01",37.0955872524289,27.8216904393216,18.5477936262144,9.27389681310721,0
"1.upload","MANITOBA","CUMODEMMO","V","L","201701","202201","202201","5@01",2.2413921247508,1.6810440935631,1.1206960623754,0.560348031187701,0
"1.upload","MANITOBA","CUMODEMN","V","L","201701","202201","202201","5@01",5.29402124951048,3.97051593713286,2.64701062475524,1.32350531237762,0
"1.upload","MANITOBA","CUMODEO","V","L","201701","202201","202201","5@01",0.549095156709143,0.411821367531857,0.274547578354571,0.137273789177286,0
"1.upload","MANITOBA","CUMODES","V","L","201701","202201","202201","5@01",-1.08230856919562,-0.811731426896714,-0.541154284597809,-0.270577142298905,0
"1.upload","MANITOBA","CUMODFIN","V","L","201701","202201","202201","5@01",-0.413204574057886,-0.309903430543415,-0.206602287028943,-0.103301143514472,0
"1.upload","MANITOBA","CUMODHEAL","V","L","201701","202201","202201","5@01",0.279662259209204,0.209746694406903,0.139831129604602,0.0699155648023009,0
"1.upload","MANITOBA","CUMODINFO","V","L","201701","202201","202201","5@01",-1.08273394559916,-0.812050459199369,-0.54136697279958,-0.27068348639979,0
"1.upload","MANITOBA","CUMODMB","V","L","201701","202201","202201","5@01",-7.67501861374541,-5.75626396030906,-3.8375093068727,-1.91875465343635,0
"1.upload","MANITOBA","CUMODMC","V","L","201701","202201","202201","5@01",1.345453086372,1.009089814779,0.672726543186002,0.336363271593001,0
"1.upload","MANITOBA","CUMODMCHEMB","V","L","201701","202201","202201","5@01",-0.311123846830128,-0.233342885122596,-0.155561923415064,-0.077780961707532,0
"1.upload","MANITOBA","CUMODMCHEMD","V","L","201701","202201","202201","5@01",-12.8407402121151,-9.63055515908632,-6.42037010605755,-3.21018505302877,0
"1.upload","MANITOBA","CUMODMCHEMF","V","L","201701","202201","202201","5@01",-1.48003318114831,-1.11002488586124,-0.740016590574157,-0.370008295287079,0
"1.upload","MANITOBA","CUMODMCHEMM","V","L","201701","202201","202201","5@01",0.986586247440471,0.739939685580353,0.493293123720235,0.246646561860118,0
"1.upload","MANITOBA","CUMODMCOM","V","L","201701","202201","202201","5@01",-2.74962971858571,-2.06222228893928,-1.37481485929285,-0.687407429646427,0
"1.upload","MANITOBA","CUMODMELC","V","L","201701","202201","202201","5@01",-5.88078873137249,-4.41059154852937,-2.94039436568625,-1.47019718284312,0
"1.upload","MANITOBA","CUMODMF","V","L","201701","202201","202201","5@01",2.37474138939291,1.78105604204468,1.18737069469645,0.593685347348227,0
"1.upload","MANITOBA","CUMODMFMP","V","L","201701","202201","202201","5@01",-2.49233250844242,-1.86924938133181,-1.24616625422121,-0.623083127110604,0
"1.upload","MANITOBA","CUMODMFUR","V","L","201701","202201","202201","5@01",0.0815652268070721,0.0611739201053041,0.0407826134035361,0.020391306701768,0
"1.upload","MANITOBA","CUMODMMAC","V","L","201701","202201","202201","5@01",-1.91633693130768,-1.43725269848076,-0.958168465653841,-0.479084232826921,0
"1.upload","MANITOBA","CUMODMMETA","V","L","201701","202201","202201","5@01",-48.9963056438882,-36.7472292329162,-24.4981528219441,-12.2490764109721,0.0000000000000035527136788005
"1.upload","MANITOBA","CUMODMMETAO","V","L","201701","202201","202201","5@01",-44.1461226543587,-33.1095919907691,-22.0730613271794,-11.0365306635897,0.0000000000000035527136788005
"1.upload","MANITOBA","CUMODMMETAP","V","L","201701","202201","202201","5@01",-75.4164851143477,-56.5623638357608,-37.7082425571738,-18.8541212785869,-0.000000000000007105427357601
"1.upload","MANITOBA","CUMODMMETF","V","L","201701","202201","202201","5@01",5.97748165734544,4.48311124300908,2.98874082867272,1.49437041433636,0
"1.upload","MANITOBA","CUMODMMETFN","V","L","201701","202201","202201","5@01",-205.493396819343,-154.120047614507,-102.746698409672,-51.3733492048358,0.000000000000014210854715202
"1.upload","MANITOBA","CUMODMMETI","V","L","201701","202201","202201","5@01",-5.03049074302993,-3.77286805727245,-2.51524537151496,-1.25762268575748,0
"1.upload","MANITOBA","CUMODMMETN","V","L","201701","202201","202201","5@01",-0.983219367057302,-0.737414525292976,-0.491609683528651,-0.245804841764325,0
"1.upload","MANITOBA","CUMODMMETS","V","L","201701","202201","202201","5@01",-3.3206470498493,-2.49048528738697,-1.66032352492465,-0.830161762462325,0
"1.upload","MANITOBA","CUMODMMIS","V","L","201701","202201","202201","5@01",4.15473467664327,3.11605100748245,2.07736733832164,1.03868366916082,0
"1.upload","MANITOBA","CUMODMNMAO","V","L","201701","202201","202201","5@01",-0.964123710215006,-0.723092782661254,-0.482061855107503,-0.241030927553751,0
"1.upload","MANITOBA","CUMODMNMC","V","L","201701","202201","202201","5@01",7.93439931726283,5.95079948794712,3.96719965863142,1.98359982931571,0
"1.upload","MANITOBA","CUMODMNMCC","V","L","201701","202201","202201","5@01",171.378772775019,128.534079581264,85.6893863875096,42.8446931937548,0.000000000000014210854715202
"1.upload","MANITOBA","CUMODMPC","V","L","201701","202201","202201","5@01",1.49450155716181,1.12087616787136,0.747250778580906,0.373625389290453,0
"1.upload","MANITOBA","CUMODMPETAO","V","L","201701","202201","202201","5@01",-1.44695341042478,-1.08521505781859,-0.723476705212391,-0.361738352606196,0
"1.upload","MANITOBA","CUMODMPETR","V","L","201701","202201","202201","5@01",-200.19592891465,-150.146946685987,-100.097964457325,-50.0489822286624,0
"1.upload","MANITOBA","CUMODMPP","V","L","201701","202201","202201","5@01",48.4570759098801,36.3428069324101,24.2285379549401,12.11426897747,0
"1.upload","MANITOBA","CUMODMPRIN","V","L","201701","202201","202201","5@01",2.30271886336595,1.72703914752447,1.15135943168298,0.575679715841488,0
"1.upload","MANITOBA","CUMODMRUBP","V","L","201701","202201","202201","5@01",-1.02700438206085,-0.770253286545639,-0.513502191030426,-0.256751095515213,0
"1.upload","MANITOBA","CUMODMT","V","L","201701","202201","202201","5@01",-2.35273663129703,-1.76455247347278,-1.17636831564852,-0.588184157824259,0
"1.upload","MANITOBA","CUMODMTEQ","V","L","201701","202201","202201","5@01",0.0647553297534387,0.048566497315079,0.0323776648767193,0.0161888324383597,0
"1.upload","MANITOBA","CUMODMW","V","L","201701","202201","202201","5@01",1.13578218496883,0.851836638726624,0.567891092484416,0.283945546242208,0
"1.upload","MANITOBA","CUMODOTHS","V","L","201701","202201","202201","5@01",0.269629635751585,0.202222226813689,0.134814817875792,0.0674074089378962,0
"1.upload","MANITOBA","CUMODPROF","V","L","201701","202201","202201","5@01",-0.401129337160739,-0.300847002870555,-0.20056466858037,-0.100282334290185,0
"1.upload","MANITOBA","CUMODPUB","V","L","201701","202201","202201","5@01",1.72601727139693,1.2945129535477,0.863008635698463,0.431504317849232,0
"1.upload","MANITOBA","CUMODRE","V","L","201701","202201","202201","5@01",-4.67047338714423,-3.50285504035817,-2.33523669357211,-1.16761834678606,0
"1.upload","MANITOBA","CUMODRET","V","L","201701","202201","202201","5@01",0.178176732942461,0.133632549706846,0.0890883664712305,0.0445441832356153,0
"1.upload","MANITOBA","CUMODTA","V","L","201701","202201","202201","5@01",-0.677607875139472,-0.508205906354604,-0.338803937569736,-0.169401968784868,0
"1.upload","MANITOBA","CUMODTCMP","V","L","201701","202201","202201","5@01",-1.45413955714133,-1.090604667856,-0.727069778570666,-0.363534889285333,0
"1.upload","MANITOBA","CUMODTR","V","L","201701","202201","202201","5@01",-8.67439027120213,-6.5057927034016,-4.33719513560106,-2.16859756780053,0
"1.upload","MANITOBA","CUMODTS","V","L","201701","202201","202201","5@01",0.555112371957591,0.416334278968193,0.277556185978796,0.138778092989398,0
"1.upload","MANITOBA","CUMODTT","V","L","201701","202201","202201","5@01",0.68267008801854,0.512002566013905,0.34133504400927,0.170667522004635,0
"1.upload","MANITOBA","CUMODTW","V","L","201701","202201","202201","5@01",3.37476834838498,2.53107626128873,1.68738417419249,0.843692087096244,0
"1.upload","MANITOBA","CUMODTWS","V","L","201701","202201","202201","5@01",2.11932975774573,1.5894973183093,1.05966487887287,0.529832439436433,0
"1.upload","MANITOBA","CUMODUE","V","L","201701","202201","202201","5@01",-2.52382915600037,-1.89287186700028,-1.26191457800019,-0.630957289000094,0
"1.upload","MANITOBA","CUMODUG","V","L","201701","202201","202201","5@01",-1.44916066514753,-1.08687049886065,-0.724580332573765,-0.362290166286883,0
"1.upload","MANITOBA","CUMODUW","V","L","201701","202201","202201","5@01",0.849829542692646,0.637372157019485,0.424914771346323,0.212457385673162,0
"1.upload","MANITOBA","CUMODWHT","V","L","201701","202201","202201","5@01",-2.62707161434321,-1.97030371075741,-1.3135358071716,-0.656767903585802,0
"1.upload","NBRUNSWK","CUMODAA","V","L","201701","202201","202201","5@01",4.78525776105187,3.5889433207889,2.39262888052593,1.19631444026297,0
"1.upload","NBRUNSWK","CUMODAC","V","L","201701","202201","202201","5@01",-0.907539012721656,-0.680654259541242,-0.453769506360828,-0.226884753180414,0
"1.upload","NBRUNSWK","CUMODACC","V","L","201701","202201","202201","5@01",0.362049563510993,0.271537172633245,0.181024781755497,0.0905123908777483,0
"1.upload","NBRUNSWK","CUMODAF","V","L","201701","202201","202201","5@01",1.55406982596929,1.16555236947697,0.777034912984647,0.388517456492323,0
"1.upload","NBRUNSWK","CUMODAH","V","L","201701","202201","202201","5@01",-1.38368826126225,-1.03776619594669,-0.691844130631125,-0.345922065315563,0
"1.upload","NBRUNSWK","CUMODART","V","L","201701","202201","202201","5@01",-1.41226654321628,-1.05919990741221,-0.706133271608138,-0.353066635804069,0
"1.upload","NBRUNSWK","CUMODAS","V","L","201701","202201","202201","5@01",-2.1818223252501,-1.63636674393757,-1.09091116262505,-0.545455581312524,0
"1.upload","NBRUNSWK","CUMODAWMS","V","L","201701","202201","202201","5@01",0.63247050207849,0.474352876558868,0.316235251039245,0.158117625519623,0
"1.upload","NBRUNSWK","CUMODCON","V","L","201701","202201","202201","5@01",4.03864942128791,3.02898706596594,2.01932471064396,1.00966235532198,0
"1.upload","NBRUNSWK","CUMODEDU","V","L","201701","202201","202201","5@01",2.03950602403694,1.5296295180277,1.01975301201847,0.509876506009235,0
"1.upload","NBRUNSWK","CUMODEMC","V","L","201701","202201","202201","5@01",-95.0507260320811,-71.2880445240609,-47.5253630160406,-23.7626815080203,-0.000000000000007105427357601
"1.upload","NBRUNSWK","CUMODEMMC","V","L","201701","202201","202201","5@01",184.810712055633,138.608034041725,92.4053560278164,46.2026780139082,-0.000000000000014210854715202
"1.upload","NBRUNSWK","CUMODEMMG","V","L","201701","202201","202201","5@01",0.715799436424103,0.536849577318077,0.357899718212051,0.178949859106026,0
"1.upload","NBRUNSWK","CUMODEMMO","V","L","201701","202201","202201","5@01",-178.997542196359,-134.24815664727,-89.4987710981797,-44.7493855490898,0.000000000000014210854715202
"1.upload","NBRUNSWK","CUMODEMN","V","L","201701","202201","202201","5@01",-7.06915032045032,-5.30186274033774,-3.53457516022516,-1.76728758011258,0
"1.upload","NBRUNSWK","CUMODEO","V","L","201701","202201","202201","5@01",22.9990259320462,17.2492694490347,11.4995129660231,5.74975648301155,0
"1.upload","NBRUNSWK","CUMODES","V","L","201701","202201","202201","5@01",-8.82931136847759,-6.62198352635819,-4.4146556842388,-2.2073278421194,0
"1.upload","NBRUNSWK","CUMODFIN","V","L","201701","202201","202201","5@01",-0.398001934442505,-0.298501450831878,-0.199000967221252,-0.0995004836106261,0
"1.upload","NBRUNSWK","CUMODHEAL","V","L","201701","202201","202201","5@01",-1.24020230512087,-0.930151728840656,-0.620101152560437,-0.310050576280219,0
"1.upload","NBRUNSWK","CUMODINFO","V","L","201701","202201","202201","5@01",-2.26129112666626,-1.6959683449997,-1.13064556333313,-0.565322781666566,0
"1.upload","NBRUNSWK","CUMODMB","V","L","201701","202201","202201","5@01",1.99456520183588,1.49592390137691,0.997282600917941,0.498641300458971,0
"1.upload","NBRUNSWK","CUMODMC","V","L","201701","202201","202201","5@01",-1.46932469146236,-1.10199351859677,-0.734662345731181,-0.36733117286559,0
"1.upload","NBRUNSWK","CUMODMCHEMB","V","L","201701","202201","202201","5@01",10.8486707641963,8.1365030731472,5.42433538209814,2.71216769104907,0
"1.upload","NBRUNSWK","CUMODMCHEMF","V","L","201701","202201","202201","5@01",10.6168582252857,7.9626436689643,5.30842911264287,2.65421455632143,0
"1.upload","NBRUNSWK","CUMODMCHEMM","V","L","201701","202201","202201","5@01",166.133586758805,124.600190069104,83.0667933794024,41.5333966897012,0
"1.upload","NBRUNSWK","CUMODMCOM","V","L","201701","202201","202201","5@01",-6.72442389201677,-5.04331791901258,-3.36221194600839,-1.68110597300419,0
"1.upload","NBRUNSWK","CUMODMELC","V","L","201701","202201","202201","5@01",-10.55116060402,-7.913370453015,-5.27558030201,-2.637790151005,0
"1.upload","NBRUNSWK","CUMODMF","V","L","201701","202201","202201","5@01",3.97012983672539,2.97759737754404,1.9850649183627,0.992532459181348,0
"1.upload","NBRUNSWK","CUMODMFMP","V","L","201701","202201","202201","5@01",-0.718603042187738,-0.538952281640803,-0.359301521093869,-0.179650760546934,0
"1.upload","NBRUNSWK","CUMODMFUR","V","L","201701","202201","202201","5@01",3.54066092012431,2.65549569009323,1.77033046006215,0.885165230031077,0
"1.upload","NBRUNSWK","CUMODMMAC","V","L","201701","202201","202201","5@01",1.03685597497702,0.777641981232762,0.518427987488508,0.259213993744254,0
"1.upload","NBRUNSWK","CUMODMMETA","V","L","201701","202201","202201","5@01",-2.70129667718752,-2.02597250789064,-1.35064833859376,-0.67532416929688,0
"1.upload","NBRUNSWK","CUMODMMETAO","V","L","201701","202201","202201","5@01",-2.43791678869595,-1.82843759152196,-1.21895839434798,-0.609479197173988,0
"1.upload","NBRUNSWK","CUMODMMETAP","V","L","201701","202201","202201","5@01",-2.5866710936487,-1.94000332023653,-1.29333554682435,-0.646667773412176,-0.000000000000000222044604925031
"1.upload","NBRUNSWK","CUMODMMETF","V","L","201701","202201","202201","5@01",-6.18088971701095,-4.63566728775821,-3.09044485850547,-1.54522242925274,0
"1.upload","NBRUNSWK","CUMODMMETI","V","L","201701","202201","202201","5@01",-151.638736079313,-113.729052059485,-75.8193680396564,-37.9096840198282,0
"1.upload","NBRUNSWK","CUMODMMETN","V","L","201701","202201","202201","5@01",0.880878183695302,0.660658637771476,0.440439091847651,0.220219545923825,0
"1.upload","NBRUNSWK","CUMODMMETS","V","L","201701","202201","202201","5@01",-82.251808130967,-61.6888560982253,-41.1259040654835,-20.5629520327418,0
"1.upload","NBRUNSWK","CUMODMMIS","V","L","201701","202201","202201","5@01",-30.4870114709863,-22.8652586032397,-15.2435057354931,-7.62175286774657,0
"1.upload","NBRUNSWK","CUMODMNMAO","V","L","201701","202201","202201","5@01",1.81644783312152,1.36233587484114,0.908223916560758,0.454111958280379,0
"1.upload","NBRUNSWK","CUMODMNMC","V","L","201701","202201","202201","5@01",10.3542394252074,7.76567956890553,5.17711971260368,2.58855985630184,0
"1.upload","NBRUNSWK","CUMODMNMCC","V","L","201701","202201","202201","5@01",-9.90786855819891,-7.43090141864919,-4.95393427909946,-2.47696713954973,0
"1.upload","NBRUNSWK","CUMODMNMG","V","L","201701","202201","202201","5@01",69.4030441996415,52.0522831497311,34.7015220998207,17.3507610499104,0
"1.upload","NBRUNSWK","CUMODMNMY","V","L","201701","202201","202201","5@01",29.0485905581653,21.786442918624,14.5242952790827,7.26214763954133,0
"1.upload","NBRUNSWK","CUMODMPC","V","L","201701","202201","202201","5@01",-12.9202459679109,-9.69018447593321,-6.46012298395547,-3.23006149197774,0
"1.upload","NBRUNSWK","CUMODMPETA","V","L","201701","202201","202201","5@01",18.8976225178604,14.1732168883953,9.44881125893019,4.7244056294651,0
"1.upload","NBRUNSWK","CUMODMPETAO","V","L","201701","202201","202201","5@01",6.67163864508495,5.00372898381372,3.33581932254248,1.66790966127124,0
"1.upload","NBRUNSWK","CUMODMPETO","V","L","201701","202201","202201","5@01",-16.4420575110896,-12.3315431333172,-8.22102875554478,-4.11051437777239,0
"1.upload","NBRUNSWK","CUMODMPETR","V","L","201701","202201","202201","5@01",0.15700098463526,0.117750738476445,0.0785004923176302,0.0392502461588151,0
"1.upload","NBRUNSWK","CUMODMPP","V","L","201701","202201","202201","5@01",0.179067411423262,0.134300558567446,0.0895337057116308,0.0447668528558154,0
"1.upload","NBRUNSWK","CUMODMPRIN","V","L","201701","202201","202201","5@01",2.09289376275763,1.56967032206822,1.04644688137881,0.523223440689407,0
"1.upload","NBRUNSWK","CUMODMRUBP","V","L","201701","202201","202201","5@01",2.25192177486178,1.68894133114634,1.12596088743089,0.562980443715446,0
"1.upload","NBRUNSWK","CUMODMT","V","L","201701","202201","202201","5@01",1.80139406413545,1.35104554810159,0.900697032067725,0.450348516033863,0
"1.upload","NBRUNSWK","CUMODMTEQ","V","L","201701","202201","202201","5@01",3.97914386665917,2.98435789999438,1.98957193332959,0.994785966664793,0
"1.upload","NBRUNSWK","CUMODMW","V","L","201701","202201","202201","5@01",2.93607951216188,2.20205963412141,1.46803975608094,0.734019878040471,0
"1.upload","NBRUNSWK","CUMODOTHS","V","L","201701","202201","202201","5@01",-0.732928129656045,-0.549696097242034,-0.366464064828023,-0.183232032414011,0
"1.upload","NBRUNSWK","CUMODPROF","V","L","201701","202201","202201","5@01",0.482737401539168,0.362053051154376,0.241368700769584,0.120684350384792,0
"1.upload","NBRUNSWK","CUMODPUB","V","L","201701","202201","202201","5@01",-0.608473031109895,-0.456354773332421,-0.304236515554948,-0.152118257777474,0
"1.upload","NBRUNSWK","CUMODRE","V","L","201701","202201","202201","5@01",-1.40218292565407,-1.05163719424056,-0.701091462827037,-0.350545731413519,0
"1.upload","NBRUNSWK","CUMODRET","V","L","201701","202201","202201","5@01",0.89938970633483,0.674542279751122,0.449694853167415,0.224847426583707,0
"1.upload","NBRUNSWK","CUMODTA","V","L","201701","202201","202201","5@01",-1.0950142679647,-0.821260700973525,-0.54750713398235,-0.273753566991175,0
"1.upload","NBRUNSWK","CUMODTCMP","V","L","201701","202201","202201","5@01",0.840799141885782,0.630599356414336,0.420399570942891,0.210199785471445,0
"1.upload","NBRUNSWK","CUMODTPG","V","L","201701","202201","202201","5@01",-6.4246099461738,-4.81845745963035,-3.2123049730869,-1.60615248654345,0
"1.upload","NBRUNSWK","CUMODTR","V","L","201701","202201","202201","5@01",7.2523078433025,5.43923088247688,3.62615392165125,1.81307696082563,0
"1.upload","NBRUNSWK","CUMODTS","V","L","201701","202201","202201","5@01",4.34061895703849,3.25546421777887,2.17030947851924,1.08515473925962,0
"1.upload","NBRUNSWK","CUMODTT","V","L","201701","202201","202201","5@01",-0.333825850590017,-0.250369387942513,-0.166912925295009,-0.0834564626475043,0
"1.upload","NBRUNSWK","CUMODTW","V","L","201701","202201","202201","5@01",3.96591901300525,2.97443925975394,1.98295950650262,0.991479753251312,0
"1.upload","NBRUNSWK","CUMODTWS","V","L","201701","202201","202201","5@01",1.12500301244324,0.843752259332433,0.562501506221622,0.281250753110811,0
"1.upload","NBRUNSWK","CUMODUE","V","L","201701","202201","202201","5@01",-1.02410116830299,-0.768075876227243,-0.512050584151496,-0.256025292075748,0
"1.upload","NBRUNSWK","CUMODUG","V","L","201701","202201","202201","5@01",-1.28604943093222,-0.964537073199168,-0.643024715466112,-0.321512357733056,0
"1.upload","NBRUNSWK","CUMODUW","V","L","201701","202201","202201","5@01",3.62990008564225,2.72242506423169,1.81495004282112,0.907475021410562,0
"1.upload","NBRUNSWK","CUMODWHT","V","L","201701","202201","202201","5@01",2.97799966866791,2.23349975150093,1.48899983433395,0.744499917166976,0
"1.upload","NFOUNLND","CUMODAA","V","L","201701","202201","202201","5@01",9.94497850732813,7.4587338804961,4.97248925366407,2.48624462683203,0
"1.upload","NFOUNLND","CUMODAC","V","L","201701","202201","202201","5@01",1.36856817662988,1.02642613247241,0.684284088314939,0.34214204415747,0
"1.upload","NFOUNLND","CUMODACC","V","L","201701","202201","202201","5@01",0.573856464755522,0.430392348566642,0.286928232377761,0.143464116188881,0
"1.upload","NFOUNLND","CUMODAF","V","L","201701","202201","202201","5@01",-1.88786335606409,-1.41589751704807,-0.943931678032044,-0.471965839016022,0
"1.upload","NFOUNLND","CUMODAH","V","L","201701","202201","202201","5@01",0.00618308538435031,0.00463731403826273,0.00309154269217515,0.00154577134608758,0
"1.upload","NFOUNLND","CUMODART","V","L","201701","202201","202201","5@01",-2.49400732425443,-1.87050549319082,-1.24700366212721,-0.623501831063606,0
"1.upload","NFOUNLND","CUMODAS","V","L","201701","202201","202201","5@01",-0.293211823345132,-0.219908867508849,-0.146605911672566,-0.073302955836283,0
"1.upload","NFOUNLND","CUMODAWMS","V","L","201701","202201","202201","5@01",0.79523806433059,0.596428548247943,0.397619032165295,0.198809516082648,0
"1.upload","NFOUNLND","CUMODCON","V","L","201701","202201","202201","5@01",-1.7003877192144,-1.2752907894108,-0.850193859607202,-0.425096929803601,0
"1.upload","NFOUNLND","CUMODEDU","V","L","201701","202201","202201","5@01",-1.47642542889685,-1.10731907167263,-0.738212714448423,-0.369106357224211,0
"1.upload","NFOUNLND","CUMODEMMC","V","L","201701","202201","202201","5@01",2.08140495089026,1.56105371316769,1.04070247544513,0.520351237722565,0
"1.upload","NFOUNLND","CUMODEMMG","V","L","201701","202201","202201","5@01",-16.6802209462469,-12.5101657096852,-8.34011047312345,-4.17005523656172,0
"1.upload","NFOUNLND","CUMODEMMI","V","L","201701","202201","202201","5@01",2.21858784478059,1.66394088358544,1.10929392239029,0.554646961195147,0
"1.upload","NFOUNLND","CUMODEMMO","V","L","201701","202201","202201","5@01",-375.513412018932,-281.635059014199,-187.756706009466,-93.8783530047329,0.000000000000028421709430404
"1.upload","NFOUNLND","CUMODEMN","V","L","201701","202201","202201","5@01",-3.19090111103094,-2.3931758332732,-1.59545055551547,-0.797725277757735,0
"1.upload","NFOUNLND","CUMODEO","V","L","201701","202201","202201","5@01",6.14511431886058,4.60883573914543,3.07255715943029,1.53627857971514,0
"1.upload","NFOUNLND","CUMODES","V","L","201701","202201","202201","5@01",6.51263961274651,4.88447970955988,3.25631980637326,1.62815990318663,0
"1.upload","NFOUNLND","CUMODFIN","V","L","201701","202201","202201","5@01",1.44941845826594,1.08706384369945,0.724709229132969,0.362354614566485,0
"1.upload","NFOUNLND","CUMODHEAL","V","L","201701","202201","202201","5@01",0.358149296087333,0.2686119720655,0.179074648043667,0.0895373240218333,0
"1.upload","NFOUNLND","CUMODINFO","V","L","201701","202201","202201","5@01",-4.33192305768102,-3.24894229326077,-2.16596152884051,-1.08298076442026,0
"1.upload","NFOUNLND","CUMODMB","V","L","201701","202201","202201","5@01",-0.875966222259592,-0.656974666694694,-0.437983111129796,-0.218991555564898,0
"1.upload","NFOUNLND","CUMODMC","V","L","201701","202201","202201","5@01",-4.85695309708902,-3.64271482281676,-2.42847654854451,-1.21423827427225,0
"1.upload","NFOUNLND","CUMODMCHEMB","V","L","201701","202201","202201","5@01",9.11625880932519,6.83719410699389,4.55812940466259,2.2790647023313,0
"1.upload","NFOUNLND","CUMODMCHEMF","V","L","201701","202201","202201","5@01",1.55947721241686,1.16960790931265,0.779738606208431,0.389869303104216,0
"1.upload","NFOUNLND","CUMODMCHEMM","V","L","201701","202201","202201","5@01",-0.0000000000000532907051820075,-0.0000000000000399680288865056,-0.0000000000000266453525910038,-0.0000000000000133226762955019,0
"1.upload","NFOUNLND","CUMODMCOM","V","L","201701","202201","202201","5@01",-2.05388667612908,-1.54041500709681,-1.02694333806454,-0.51347166903227,0
"1.upload","NFOUNLND","CUMODMELC","V","L","201701","202201","202201","5@01",-11.5937884333647,-8.69534132502352,-5.79689421668235,-2.89844710834117,0
"1.upload","NFOUNLND","CUMODMF","V","L","201701","202201","202201","5@01",-1.65792188695349,-1.24344141521512,-0.828960943476744,-0.414480471738372,0
"1.upload","NFOUNLND","CUMODMFMP","V","L","201701","202201","202201","5@01",-14.9709068285694,-11.228180121427,-7.48545341428468,-3.74272670714234,0
"1.upload","NFOUNLND","CUMODMFUR","V","L","201701","202201","202201","5@01",5.37732301344505,4.03299226008379,2.68866150672253,1.34433075336126,0
"1.upload","NFOUNLND","CUMODMMAC","V","L","201701","202201","202201","5@01",-2.83742561758743,-2.12806921319057,-1.41871280879371,-0.709356404396857,0
"1.upload","NFOUNLND","CUMODMMETA","V","L","201701","202201","202201","5@01",-0.0537262888266596,-0.0402947166199947,-0.0268631444133298,-0.0134315722066649,0.00000000000000000346944695195361
"1.upload","NFOUNLND","CUMODMMETF","V","L","201701","202201","202201","5@01",133.782853746198,100.337140309649,66.8914268730992,33.4457134365496,-0.000000000000014210854715202
"1.upload","NFOUNLND","CUMODMMETFF","V","L","201701","202201","202201","5@01",-184.032202757458,-138.024152068094,-92.016101378729,-46.0080506893645,0
"1.upload","NFOUNLND","CUMODMMETFN","V","L","201701","202201","202201","5@01",-100.613175985424,-75.4598819890681,-50.3065879927121,-25.153293996356,0
"1.upload","NFOUNLND","CUMODMMETI","V","L","201701","202201","202201","5@01",-98.7315952644314,-74.0486964483236,-49.3657976322157,-24.6828988161079,0.000000000000007105427357601
"1.upload","NFOUNLND","CUMODMMETN","V","L","201701","202201","202201","5@01",-68.2549360468764,-51.1912020351573,-34.1274680234382,-17.0637340117191,0
"1.upload","NFOUNLND","CUMODMMETS","V","L","201701","202201","202201","5@01",29.8415441193698,22.3811580895274,14.9207720596849,7.46038602984246,0
"1.upload","NFOUNLND","CUMODMMIS","V","L","201701","202201","202201","5@01",-0.20726151138831,-0.155446133541233,-0.103630755694155,-0.0518153778470776,0
"1.upload","NFOUNLND","CUMODMNMAO","V","L","201701","202201","202201","5@01",4.63183897346468,3.47387923009851,2.31591948673234,1.15795974336617,0
"1.upload","NFOUNLND","CUMODMNMC","V","L","201701","202201","202201","5@01",5.85825025348527,4.39368769011395,2.92912512674263,1.46456256337132,0
"1.upload","NFOUNLND","CUMODMPC","V","L","201701","202201","202201","5@01",5.76671779866317,4.32503834899737,2.88335889933158,1.44167944966579,0
"1.upload","NFOUNLND","CUMODMPETA","V","L","201701","202201","202201","5@01",-5.41334921118633,-4.06001190838975,-2.70667460559316,-1.35333730279658,0
"1.upload","NFOUNLND","CUMODMPETAO","V","L","201701","202201","202201","5@01",-42.6278517964575,-31.9708888473431,-21.3139258982287,-10.6569629491144,0
"1.upload","NFOUNLND","CUMODMPETR","V","L","201701","202201","202201","5@01",1.1045717756727,0.828428831754522,0.552285887836348,0.276142943918174,0
"1.upload","NFOUNLND","CUMODMPP","V","L","201701","202201","202201","5@01",-9.21591901257074,-6.91193925942805,-4.60795950628537,-2.30397975314268,0
"1.upload","NFOUNLND","CUMODMPRIN","V","L","201701","202201","202201","5@01",2.12348490784109,1.59261368088082,1.06174245392054,0.530871226960272,0
"1.upload","NFOUNLND","CUMODMRUBP","V","L","201701","202201","202201","5@01",-10.5800020779569,-7.93500155846765,-5.29000103897843,-2.64500051948922,0
"1.upload","NFOUNLND","CUMODMT","V","L","201701","202201","202201","5@01",1.85807102914836,1.39355327186127,0.929035514574181,0.464517757287091,0
"1.upload","NFOUNLND","CUMODMTEQ","V","L","201701","202201","202201","5@01",-46.6548934048424,-34.9911700536318,-23.3274467024212,-11.6637233512106,0
"1.upload","NFOUNLND","CUMODMW","V","L","201701","202201","202201","5@01",4.52876343941341,3.39657257956006,2.26438171970671,1.13219085985335,0
"1.upload","NFOUNLND","CUMODOTHS","V","L","201701","202201","202201","5@01",0.157613355306978,0.118210016480234,0.078806677653489,0.0394033388267445,0
"1.upload","NFOUNLND","CUMODPROF","V","L","201701","202201","202201","5@01",-1.42720058583649,-1.07040043937737,-0.713600292918244,-0.356800146459122,0
"1.upload","NFOUNLND","CUMODPUB","V","L","201701","202201","202201","5@01",0.21590428959513,0.161928217196348,0.107952144797565,0.0539760723987825,0
"1.upload","NFOUNLND","CUMODRE","V","L","201701","202201","202201","5@01",-1.28709395123536,-0.965320463426522,-0.643546975617681,-0.321773487808841,0
"1.upload","NFOUNLND","CUMODRET","V","L","201701","202201","202201","5@01",-0.179425090860263,-0.134568818145198,-0.0897125454301317,-0.0448562727150659,0
"1.upload","NFOUNLND","CUMODTA","V","L","201701","202201","202201","5@01",2.30297012793756,1.72722759595317,1.15148506396878,0.575742531984389,0
"1.upload","NFOUNLND","CUMODTCMP","V","L","201701","202201","202201","5@01",0.212454832736455,0.159341124552341,0.106227416368228,0.0531137081841138,0
"1.upload","NFOUNLND","CUMODTR","V","L","201701","202201","202201","5@01",-2.33821470987948,-1.75366103240961,-1.16910735493974,-0.58455367746987,0
"1.upload","NFOUNLND","CUMODTS","V","L","201701","202201","202201","5@01",-1.354866310364,-1.016149732773,-0.677433155182001,-0.338716577591001,0
"1.upload","NFOUNLND","CUMODTT","V","L","201701","202201","202201","5@01",0.283697619390182,0.212773214542636,0.141848809695091,0.0709244048475455,0
"1.upload","NFOUNLND","CUMODTW","V","L","201701","202201","202201","5@01",6.50720796856405,4.88040597642303,3.25360398428202,1.62680199214101,0
"1.upload","NFOUNLND","CUMODTWS","V","L","201701","202201","202201","5@01",7.12033564527388,5.34025173395541,3.56016782263694,1.78008391131847,0
"1.upload","NFOUNLND","CUMODUE","V","L","201701","202201","202201","5@01",-1.86361321125418,-1.39770990844063,-0.931806605627088,-0.465903302813544,0
"1.upload","NFOUNLND","CUMODUW","V","L","201701","202201","202201","5@01",5.09924366850555,3.82443275137916,2.54962183425278,1.27481091712639,0
"1.upload","NFOUNLND","CUMODWHT","V","L","201701","202201","202201","5@01",-6.48905492814009,-4.86679119610507,-3.24452746407005,-1.62226373203502,0
"1.upload","NORTHWT","CUMODACC","V","L","201701","202201","202201","5@01",-5.42492185617476,-4.06869139213107,-2.71246092808738,-1.35623046404369,0
"1.upload","NORTHWT","CUMODAF","V","L","201701","202201","202201","5@01",-79.5075515281847,-59.6306636461385,-39.7537757640924,-19.8768878820462,-0.000000000000007105427357601
"1.upload","NORTHWT","CUMODAH","V","L","201701","202201","202201","5@01",4.68956468242268,3.51717351181701,2.34478234121134,1.17239117060567,0
"1.upload","NORTHWT","CUMODART","V","L","201701","202201","202201","5@01",-0.67790745351644,-0.50843059013733,-0.33895372675822,-0.16947686337911,0
"1.upload","NORTHWT","CUMODAS","V","L","201701","202201","202201","5@01",-0.974938971337735,-0.731204228503302,-0.487469485668868,-0.243734742834434,0
"1.upload","NORTHWT","CUMODAWMS","V","L","201701","202201","202201","5@01",-1.20523811559082,-0.903928586693112,-0.602619057795408,-0.301309528897704,0
"1.upload","NORTHWT","CUMODCON","V","L","201701","202201","202201","5@01",-2.92848592440663,-2.19636444330497,-1.46424296220331,-0.732121481101657,0
"1.upload","NORTHWT","CUMODEDU","V","L","201701","202201","202201","5@01",-0.262778796963516,-0.197084097722637,-0.131389398481758,-0.0656946992408791,0
"1.upload","NORTHWT","CUMODEMMC","V","L","201701","202201","202201","5@01",-232.050193002161,-174.037644751621,-116.025096501081,-58.0125482505403,-0.000000000000014210854715202
"1.upload","NORTHWT","CUMODEMMG","V","L","201701","202201","202201","5@01",-325.493323798095,-244.119992848571,-162.746661899047,-81.3733309495237,0
"1.upload","NORTHWT","CUMODEMMI","V","L","201701","202201","202201","5@01",-0.126147319925796,-0.0946104899443467,-0.0630736599628978,-0.0315368299814489,0
"1.upload","NORTHWT","CUMODEMMO","V","L","201701","202201","202201","5@01",-347.328361188861,-260.496270891646,-173.66418059443,-86.8320902972152,0.000000000000028421709430404
"1.upload","NORTHWT","CUMODEMN","V","L","201701","202201","202201","5@01",1.05545966792448,0.791594750943361,0.52772983396224,0.26386491698112,0
"1.upload","NORTHWT","CUMODEO","V","L","201701","202201","202201","5@01",0.0868338863352847,0.0651254147514635,0.0434169431676423,0.0217084715838212,0
"1.upload","NORTHWT","CUMODES","V","L","201701","202201","202201","5@01",-2.54967524598044,-1.91225643448533,-1.27483762299022,-0.63741881149511,0
"1.upload","NORTHWT","CUMODFIN","V","L","201701","202201","202201","5@01",-3.58620762219942,-2.68965571664957,-1.79310381109971,-0.896551905549856,0
"1.upload","NORTHWT","CUMODHEAL","V","L","201701","202201","202201","5@01",-3.49804191824006,-2.62353143868005,-1.74902095912003,-0.874510479560016,0
"1.upload","NORTHWT","CUMODINFO","V","L","201701","202201","202201","5@01",-5.97417956113276,-4.48063467084957,-2.98708978056638,-1.49354489028319,0
"1.upload","NORTHWT","CUMODMB","V","L","201701","202201","202201","5@01",0,0,0,0,0
"1.upload","NORTHWT","CUMODMC","V","L","201701","202201","202201","5@01",75.2768079825162,56.4576059868872,37.6384039912581,18.8192019956291,0
"1.upload","NORTHWT","CUMODMCHEMB","V","L","201701","202201","202201","5@01",-3.26863250669859,-2.45147438002394,-1.6343162533493,-0.817158126674648,0.000000000000000222044604925031
"1.upload","NORTHWT","CUMODMCHEMO","V","L","201701","202201","202201","5@01",-5.85735124978939,-4.39301343734204,-2.92867562489469,-1.46433781244735,0
"1.upload","NORTHWT","CUMODMF","V","L","201701","202201","202201","5@01",-143.913585113764,-107.935188835323,-71.956792556882,-35.978396278441,0
"1.upload","NORTHWT","CUMODMFMP","V","L","201701","202201","202201","5@01",46.7231725974362,35.0423794480772,23.3615862987181,11.6807931493591,0
"1.upload","NORTHWT","CUMODMFUR","V","L","201701","202201","202201","5@01",-11.1261165391707,-8.34458740437803,-5.56305826958535,-2.78152913479268,0
"1.upload","NORTHWT","CUMODMMAC","V","L","201701","202201","202201","5@01",273.908477503178,205.431358127384,136.954238751589,68.4771193757946,0.000000000000028421709430404
"1.upload","NORTHWT","CUMODMMIS","V","L","201701","202201","202201","5@01",5.20111501080237,3.90083625810178,2.60055750540118,1.30027875270059,0
"1.upload","NORTHWT","CUMODMNMAO","V","L","201701","202201","202201","5@01",-35.5378623070591,-26.6533967302943,-17.7689311535296,-8.88446557676478,0
"1.upload","NORTHWT","CUMODMNMC","V","L","201701","202201","202201","5@01",-39.596684679456,-29.697513509592,-19.798342339728,-9.89917116986401,0
"1.upload","NORTHWT","CUMODMNMG","V","L","201701","202201","202201","5@01",81.3953855047569,61.0465391285677,40.6976927523785,20.3488463761892,0
"1.upload","NORTHWT","CUMODMNML","V","L","201701","202201","202201","5@01",-1.85581746429563,-1.39186309822172,-0.927908732147813,-0.463954366073906,0
"1.upload","NORTHWT","CUMODMNMO","V","L","201701","202201","202201","5@01",49.8900793553426,37.417559516507,24.9450396776713,12.4725198388357,0
"1.upload","NORTHWT","CUMODMNMY","V","L","201701","202201","202201","5@01",-177.846245571154,-133.384684178366,-88.9231227855771,-44.4615613927886,0
"1.upload","NORTHWT","CUMODMPRIN","V","L","201701","202201","202201","5@01",1.60110871213959,1.20083153410469,0.800554356069796,0.400277178034898,0
"1.upload","NORTHWT","CUMODMRUBP","V","L","201701","202201","202201","5@01",2.59338682986552,1.94504012239914,1.29669341493276,0.648346707466381,0
"1.upload","NORTHWT","CUMODMT","V","L","201701","202201","202201","5@01",152.072278013249,114.054208509937,76.0361390066244,38.0180695033122,0
"1.upload","NORTHWT","CUMODMW","V","L","201701","202201","202201","5@01",-27.1076830968877,-20.3307623226658,-13.5538415484439,-6.77692077422194,0
"1.upload","NORTHWT","CUMODOTHS","V","L","201701","202201","202201","5@01",0.141977380247056,0.106483035185292,0.0709886901235279,0.035494345061764,0
"1.upload","NORTHWT","CUMODPROF","V","L","201701","202201","202201","5@01",-0.400692874233357,-0.300519655675018,-0.200346437116679,-0.100173218558339,0
"1.upload","NORTHWT","CUMODPUB","V","L","201701","202201","202201","5@01",1.19969282617518,0.899769619631385,0.59984641308759,0.299923206543795,0
"1.upload","NORTHWT","CUMODRE","V","L","201701","202201","202201","5@01",1.38493157399267,1.03869868049451,0.692465786996337,0.346232893498168,0
"1.upload","NORTHWT","CUMODRET","V","L","201701","202201","202201","5@01",-2.72182435014685,-2.04136826261013,-1.36091217507342,-0.680456087536712,0
"1.upload","NORTHWT","CUMODTA","V","L","201701","202201","202201","5@01",9.83568975168282,7.37676731376212,4.91784487584141,2.45892243792071,0
"1.upload","NORTHWT","CUMODTCMP","V","L","201701","202201","202201","5@01",-11.7478073212939,-8.81085549097044,-5.87390366064696,-2.93695183032348,0
"1.upload","NORTHWT","CUMODTR","V","L","201701","202201","202201","5@01",2.65117591496804,1.98838193622603,1.32558795748402,0.662793978742009,0
"1.upload","NORTHWT","CUMODTS","V","L","201701","202201","202201","5@01",1.19963194541327,0.899723959059955,0.599815972706637,0.299907986353318,0
"1.upload","NORTHWT","CUMODTT","V","L","201701","202201","202201","5@01",-3.66492631024784,-2.74869473268588,-1.83246315512392,-0.916231577561959,0
"1.upload","NORTHWT","CUMODTW","V","L","201701","202201","202201","5@01",-1.90050706274974,-1.4253802970623,-0.950253531374869,-0.475126765687435,0
"1.upload","NORTHWT","CUMODTWS","V","L","201701","202201","202201","5@01",-5.70943573056937,-4.28207679792703,-2.85471786528468,-1.42735893264234,0
"1.upload","NORTHWT","CUMODUE","V","L","201701","202201","202201","5@01",0.689862321851251,0.517396741388438,0.344931160925626,0.172465580462813,0
"1.upload","NORTHWT","CUMODUG","V","L","201701","202201","202201","5@01",1.9665934164739,1.47494506235542,0.983296708236949,0.491648354118475,0
"1.upload","NORTHWT","CUMODUW","V","L","201701","202201","202201","5@01",-0.725019073307323,-0.543764304980492,-0.362509536653661,-0.181254768326831,0
"1.upload","NORTHWT","CUMODWHT","V","L","201701","202201","202201","5@01",-1.48537127837272,-1.11402845877954,-0.742685639186362,-0.371342819593181,0
"1.upload","NOVA_SCO","CUMODAA","V","L","201701","202201","202201","5@01",1.35837994091787,1.0187849556884,0.679189970458935,0.339594985229468,0
"1.upload","NOVA_SCO","CUMODAC","V","L","201701","202201","202201","5@01",-1.15716518442724,-0.867873888320432,-0.578582592213621,-0.289291296106811,0
"1.upload","NOVA_SCO","CUMODACC","V","L","201701","202201","202201","5@01",1.04302574966312,0.782269312247337,0.521512874831558,0.260756437415779,0
"1.upload","NOVA_SCO","CUMODAF","V","L","201701","202201","202201","5@01",0.433799386749456,0.325349540062092,0.216899693374728,0.108449846687364,0
"1.upload","NOVA_SCO","CUMODAH","V","L","201701","202201","202201","5@01",-1.95780218420225,-1.46835163815169,-0.978901092101125,-0.489450546050563,0
"1.upload","NOVA_SCO","CUMODART","V","L","201701","202201","202201","5@01",-3.89472111170676,-2.92104083378007,-1.94736055585338,-0.97368027792669,0
"1.upload","NOVA_SCO","CUMODAS","V","L","201701","202201","202201","5@01",-4.49128076189908,-3.36846057142431,-2.24564038094954,-1.12282019047477,0
"1.upload","NOVA_SCO","CUMODAWMS","V","L","201701","202201","202201","5@01",-0.589431710317569,-0.442073782738177,-0.294715855158785,-0.147357927579392,0
"1.upload","NOVA_SCO","CUMODCON","V","L","201701","202201","202201","5@01",4.77110795895669,3.57833096921752,2.38555397947835,1.19277698973917,0
"1.upload","NOVA_SCO","CUMODEDU","V","L","201701","202201","202201","5@01",-1.27298368667482,-0.954737765006115,-0.63649184333741,-0.318245921668705,0
"1.upload","NOVA_SCO","CUMODEMC","V","L","201701","202201","202201","5@01",-520.737476303524,-390.553107227643,-260.368738151762,-130.184369075881,0.000000000000056843418860808
"1.upload","NOVA_SCO","CUMODEMMC","V","L","201701","202201","202201","5@01",-180.86965024728,-135.65223768546,-90.4348251236399,-45.2174125618199,0.000000000000014210854715202
"1.upload","NOVA_SCO","CUMODEMMG","V","L","201701","202201","202201","5@01",-329.829321286046,-247.371990964534,-164.914660643023,-82.4573303215114,-0.000000000000028421709430404
"1.upload","NOVA_SCO","CUMODEMMO","V","L","201701","202201","202201","5@01",-150.699199106844,-113.024399330133,-75.3495995534222,-37.6747997767111,0.000000000000014210854715202
"1.upload","NOVA_SCO","CUMODEMN","V","L","201701","202201","202201","5@01",1.96677573144882,1.47508179858661,0.98338786572441,0.491693932862205,0
"1.upload","NOVA_SCO","CUMODEO","V","L","201701","202201","202201","5@01",3.07831657159056,2.30873742869292,1.53915828579528,0.769579142897641,0
"1.upload","NOVA_SCO","CUMODES","V","L","201701","202201","202201","5@01",-1.11218129848879,-0.834135973866594,-0.556090649244396,-0.278045324622198,0
"1.upload","NOVA_SCO","CUMODFIN","V","L","201701","202201","202201","5@01",0.823778466782699,0.617833850087024,0.411889233391349,0.205944616695675,0
"1.upload","NOVA_SCO","CUMODHEAL","V","L","201701","202201","202201","5@01",0.893953446707769,0.670465085030827,0.446976723353885,0.223488361676942,0
"1.upload","NOVA_SCO","CUMODINFO","V","L","201701","202201","202201","5@01",-3.19943380842204,-2.39957535631653,-1.59971690421102,-0.799858452105511,0
"1.upload","NOVA_SCO","CUMODMB","V","L","201701","202201","202201","5@01",1.57566873425566,1.18175155069174,0.787834367127829,0.393917183563914,0
"1.upload","NOVA_SCO","CUMODMC","V","L","201701","202201","202201","5@01",-0.255848954249416,-0.191886715687062,-0.127924477124708,-0.0639622385623539,0
"1.upload","NOVA_SCO","CUMODMCHEMB","V","L","201701","202201","202201","5@01",23.5715203742335,17.6786402806751,11.7857601871167,5.89288009355837,0
"1.upload","NOVA_SCO","CUMODMCHEMF","V","L","201701","202201","202201","5@01",-2.23673810975114,-1.67755358231336,-1.11836905487557,-0.559184527437786,0
"1.upload","NOVA_SCO","CUMODMCHEMM","V","L","201701","202201","202201","5@01",0.851177831973473,0.638383373980105,0.425588915986737,0.212794457993368,0
"1.upload","NOVA_SCO","CUMODMCOM","V","L","201701","202201","202201","5@01",1.43881129048651,1.07910846786488,0.719405645243256,0.359702822621628,0
"1.upload","NOVA_SCO","CUMODMELC","V","L","201701","202201","202201","5@01",-7.02551372510356,-5.26913529382767,-3.51275686255178,-1.75637843127589,0
"1.upload","NOVA_SCO","CUMODMF","V","L","201701","202201","202201","5@01",-2.38015252923446,-1.78511439692585,-1.19007626461723,-0.595038132308616,0
"1.upload","NOVA_SCO","CUMODMFMP","V","L","201701","202201","202201","5@01",-0.135244585791554,-0.101433439343666,-0.067622292895777,-0.0338111464478885,0
"1.upload","NOVA_SCO","CUMODMFUR","V","L","201701","202201","202201","5@01",2.11164171338424,1.58373128503818,1.05582085669212,0.527910428346061,0
"1.upload","NOVA_SCO","CUMODMMAC","V","L","201701","202201","202201","5@01",2.21429462888096,1.66072097166072,1.10714731444048,0.553573657220241,0
"1.upload","NOVA_SCO","CUMODMMETA","V","L","201701","202201","202201","5@01",-0.182011001484361,-0.136508251113271,-0.0910055007421804,-0.0455027503710902,-0.0000000000000000138777878078145
"1.upload","NOVA_SCO","CUMODMMETF","V","L","201701","202201","202201","5@01",-2.81733901498043,-2.11300426123533,-1.40866950749022,-0.704334753745108,0
"1.upload","NOVA_SCO","CUMODMMETI","V","L","201701","202201","202201","5@01",-448.208406146899,-336.156304610174,-224.104203073449,-112.052101536725,0
"1.upload","NOVA_SCO","CUMODMMETN","V","L","201701","202201","202201","5@01",-83.3874590453631,-62.5405942840223,-41.6937295226815,-20.8468647613408,0.000000000000007105427357601
"1.upload","NOVA_SCO","CUMODMMETS","V","L","201701","202201","202201","5@01",-7.02524626325939,-5.26893469744454,-3.5126231316297,-1.75631156581485,0
"1.upload","NOVA_SCO","CUMODMMIS","V","L","201701","202201","202201","5@01",0.389028260521798,0.291771195391348,0.194514130260899,0.0972570651304494,0
"1.upload","NOVA_SCO","CUMODMNMAO","V","L","201701","202201","202201","5@01",-13.7131469653349,-10.2848602240012,-6.85657348266744,-3.42828674133372,0
"1.upload","NOVA_SCO","CUMODMNMC","V","L","201701","202201","202201","5@01",7.78432867026424,5.83824650269818,3.89216433513212,1.94608216756606,0
"1.upload","NOVA_SCO","CUMODMNMG","V","L","201701","202201","202201","5@01",106.409403108577,79.807052331433,53.2047015542886,26.6023507771443,0
"1.upload","NOVA_SCO","CUMODMNML","V","L","201701","202201","202201","5@01",114.129484305193,85.5971132288946,57.0647421525964,28.5323710762982,-0.000000000000007105427357601
"1.upload","NOVA_SCO","CUMODMNMY","V","L","201701","202201","202201","5@01",-90.1379530855225,-67.6034648141419,-45.0689765427612,-22.5344882713806,-0.000000000000007105427357601
"1.upload","NOVA_SCO","CUMODMPC","V","L","201701","202201","202201","5@01",-2.58840041058164,-1.94130030793623,-1.29420020529082,-0.64710010264541,0
"1.upload","NOVA_SCO","CUMODMPETA","V","L","201701","202201","202201","5@01",4.12045060709275,3.09033795531956,2.06022530354637,1.03011265177319,0
"1.upload","NOVA_SCO","CUMODMPETAO","V","L","201701","202201","202201","5@01",3.35896187901668,2.51922140926251,1.67948093950834,0.839740469754169,0
"1.upload","NOVA_SCO","CUMODMPETO","V","L","201701","202201","202201","5@01",-18.9608473907948,-14.2206355430961,-9.48042369539742,-4.74021184769871,0
"1.upload","NOVA_SCO","CUMODMPETR","V","L","201701","202201","202201","5@01",-806.809813347697,-605.107360010773,-403.404906673848,-201.702453336924,0
"1.upload","NOVA_SCO","CUMODMPP","V","L","201701","202201","202201","5@01",-5.22779520062784,-3.92084640047088,-2.61389760031392,-1.30694880015696,0
"1.upload","NOVA_SCO","CUMODMPRIN","V","L","201701","202201","202201","5@01",4.76319268033819,3.57239451025364,2.3815963401691,1.19079817008455,0
"1.upload","NOVA_SCO","CUMODMRUBP","V","L","201701","202201","202201","5@01",-0.271312792357605,-0.203484594268204,-0.135656396178803,-0.0678281980894013,0
"1.upload","NOVA_SCO","CUMODMT","V","L","201701","202201","202201","5@01",1.88595695731323,1.41446771798492,0.942978478656613,0.471489239328307,0
"1.upload","NOVA_SCO","CUMODMTEQ","V","L","201701","202201","202201","5@01",3.70215903577389,2.77661927683042,1.85107951788694,0.925539758943472,0
"1.upload","NOVA_SCO","CUMODMW","V","L","201701","202201","202201","5@01",2.57045498636728,1.92784123977546,1.28522749318364,0.64261374659182,0
"1.upload","NOVA_SCO","CUMODOTHS","V","L","201701","202201","202201","5@01",-0.693076094447918,-0.519807070835938,-0.346538047223959,-0.173269023611979,0
"1.upload","NOVA_SCO","CUMODPROF","V","L","201701","202201","202201","5@01",0.184249109206007,0.138186831904505,0.0921245546030036,0.0460622773015018,0
"1.upload","NOVA_SCO","CUMODPUB","V","L","201701","202201","202201","5@01",0.505335843599823,0.379001882699868,0.252667921799912,0.126333960899956,0
"1.upload","NOVA_SCO","CUMODRE","V","L","201701","202201","202201","5@01",-1.31902963711013,-0.9892722278326,-0.659514818555067,-0.329757409277533,0
"1.upload","NOVA_SCO","CUMODRET","V","L","201701","202201","202201","5@01",0.760755464059173,0.57056659804438,0.380377732029586,0.190188866014793,0
"1.upload","NOVA_SCO","CUMODTA","V","L","201701","202201","202201","5@01",1.39123139504079,1.04342354628059,0.695615697520395,0.347807848760198,0
"1.upload","NOVA_SCO","CUMODTCMP","V","L","201701","202201","202201","5@01",1.56449254690074,1.17336941017555,0.782246273450369,0.391123136725184,0
"1.upload","NOVA_SCO","CUMODTPG","V","L","201701","202201","202201","5@01",-6.74267880468904,-5.05700910351678,-3.37133940234452,-1.68566970117226,0
"1.upload","NOVA_SCO","CUMODTR","V","L","201701","202201","202201","5@01",-1.287694230314,-0.965770672735502,-0.643847115157001,-0.321923557578501,0
"1.upload","NOVA_SCO","CUMODTS","V","L","201701","202201","202201","5@01",4.34304684303214,3.25728513227411,2.17152342151607,1.08576171075804,0
"1.upload","NOVA_SCO","CUMODTT","V","L","201701","202201","202201","5@01",0.417062513298276,0.312796884973707,0.208531256649138,0.104265628324569,0
"1.upload","NOVA_SCO","CUMODTW","V","L","201701","202201","202201","5@01",-8.22510230585237,-6.16882672938928,-4.11255115292619,-2.05627557646309,0
"1.upload","NOVA_SCO","CUMODTWS","V","L","201701","202201","202201","5@01",-2.54265028317633,-1.90698771238225,-1.27132514158816,-0.635662570794082,0
"1.upload","NOVA_SCO","CUMODUE","V","L","201701","202201","202201","5@01",0.456855601127018,0.342641700845263,0.228427800563509,0.114213900281754,0
"1.upload","NOVA_SCO","CUMODUG","V","L","201701","202201","202201","5@01",1.60938501842793,1.20703876382095,0.804692509213965,0.402346254606982,0
"1.upload","NOVA_SCO","CUMODUW","V","L","201701","202201","202201","5@01",6.08806347593799,4.56604760695349,3.04403173796899,1.5220158689845,0
"1.upload","NOVA_SCO","CUMODWHT","V","L","201701","202201","202201","5@01",-2.40313764512706,-1.8023532338453,-1.20156882256353,-0.600784411281765,0
"1.upload","NUNAVUT","CUMODACC","V","L","201701","202201","202201","5@01",-2.26648288555339,-1.69986216416504,-1.13324144277669,-0.566620721388347,0
"1.upload","NUNAVUT","CUMODAF","V","L","201701","202201","202201","5@01",-1.72043180447772,-1.29032385335829,-0.86021590223886,-0.43010795111943,-0.000000000000000111022302462516
"1.upload","NUNAVUT","CUMODAH","V","L","201701","202201","202201","5@01",-1.77172163131331,-1.32879122348498,-0.885860815656656,-0.442930407828328,0
"1.upload","NUNAVUT","CUMODART","V","L","201701","202201","202201","5@01",-5.89388247574249,-4.42041185680687,-2.94694123787124,-1.47347061893562,0
"1.upload","NUNAVUT","CUMODAWMS","V","L","201701","202201","202201","5@01",4.17332533562302,3.12999400171726,2.08666266781151,1.04333133390575,0
"1.upload","NUNAVUT","CUMODCON","V","L","201701","202201","202201","5@01",-0.165467677931872,-0.124100758448904,-0.082733838965936,-0.041366919482968,0
"1.upload","NUNAVUT","CUMODEDU","V","L","201701","202201","202201","5@01",4.13706152369087,3.10279614276816,2.06853076184544,1.03426538092272,0
"1.upload","NUNAVUT","CUMODEMMC","V","L","201701","202201","202201","5@01",-210.79696954864,-158.09772716148,-105.39848477432,-52.6992423871599,0
"1.upload","NUNAVUT","CUMODEMMG","V","L","201701","202201","202201","5@01",-67.2294291921685,-50.4220718941264,-33.6147145960842,-16.8073572980421,0
"1.upload","NUNAVUT","CUMODEMMI","V","L","201701","202201","202201","5@01",-17.8686104353659,-13.4014578265244,-8.93430521768295,-4.46715260884147,0
"1.upload","NUNAVUT","CUMODEMN","V","L","201701","202201","202201","5@01",-439.29438266033,-329.470786995248,-219.647191330165,-109.823595665083,0
"1.upload","NUNAVUT","CUMODES","V","L","201701","202201","202201","5@01",-32.8536093292547,-24.640206996941,-16.4268046646274,-8.21340233231368,0
"1.upload","NUNAVUT","CUMODFIN","V","L","201701","202201","202201","5@01",-5.08508626243582,-3.81381469682687,-2.54254313121791,-1.27127156560896,0
"1.upload","NUNAVUT","CUMODHEAL","V","L","201701","202201","202201","5@01",6.83545571144066,5.12659178358049,3.41772785572033,1.70886392786016,0
"1.upload","NUNAVUT","CUMODINFO","V","L","201701","202201","202201","5@01",-5.28948165375823,-3.96711124031867,-2.64474082687912,-1.32237041343956,0
"1.upload","NUNAVUT","CUMODMC","V","L","201701","202201","202201","5@01",-13.766095123358,-10.3245713425185,-6.88304756167902,-3.44152378083951,0
"1.upload","NUNAVUT","CUMODMCHEMO","V","L","201701","202201","202201","5@01",-14.3600370578552,-10.7700277933914,-7.18001852892762,-3.59000926446381,0
"1.upload","NUNAVUT","CUMODMELC","V","L","201701","202201","202201","5@01",0,0,0,0,0
"1.upload","NUNAVUT","CUMODMF","V","L","201701","202201","202201","5@01",-1.00584035310149,-0.754380264826118,-0.502920176550745,-0.251460088275373,0
"1.upload","NUNAVUT","CUMODMMIS","V","L","201701","202201","202201","5@01",-33.257322292162,-24.9429917191215,-16.628661146081,-8.3143305730405,0
"1.upload","NUNAVUT","CUMODMPRIN","V","L","201701","202201","202201","5@01",-435.055520905515,-326.291640679137,-217.527760452758,-108.763880226379,0.000000000000028421709430404
"1.upload","NUNAVUT","CUMODMT","V","L","201701","202201","202201","5@01",-61.502730239484,-46.127047679613,-30.751365119742,-15.375682559871,0.0000000000000035527136788005
"1.upload","NUNAVUT","CUMODOTHS","V","L","201701","202201","202201","5@01",-2.91943568169785,-2.18957676127339,-1.45971784084892,-0.729858920424462,0
"1.upload","NUNAVUT","CUMODPROF","V","L","201701","202201","202201","5@01",-5.80021159747588,-4.35015869810691,-2.90010579873794,-1.45005289936897,0
"1.upload","NUNAVUT","CUMODPUB","V","L","201701","202201","202201","5@01",2.21631022326875,1.66223266745156,1.10815511163437,0.554077555817187,0
"1.upload","NUNAVUT","CUMODRE","V","L","201701","202201","202201","5@01",0.798561701060692,0.598921275795519,0.399280850530346,0.199640425265173,0
"1.upload","NUNAVUT","CUMODRET","V","L","201701","202201","202201","5@01",-4.7564147741997,-3.56731108064977,-2.37820738709985,-1.18910369354992,0
"1.upload","NUNAVUT","CUMODTA","V","L","201701","202201","202201","5@01",-7.83125171783581,-5.87343878837686,-3.91562585891791,-1.95781292945895,0
"1.upload","NUNAVUT","CUMODTCMP","V","L","201701","202201","202201","5@01",-21.9801491226858,-16.4851118420143,-10.9900745613429,-5.49503728067144,0
"1.upload","NUNAVUT","CUMODTS","V","L","201701","202201","202201","5@01",-7.04044524759155,-5.28033393569366,-3.52022262379577,-1.76011131189789,0
"1.upload","NUNAVUT","CUMODTT","V","L","201701","202201","202201","5@01",-4.95285790156871,-3.71464342617653,-2.47642895078435,-1.23821447539218,0
"1.upload","NUNAVUT","CUMODTW","V","L","201701","202201","202201","5@01",-25.0671492634117,-18.8003619475588,-12.5335746317059,-6.26678731585294,0
"1.upload","NUNAVUT","CUMODTWS","V","L","201701","202201","202201","5@01",-11.4451484773862,-8.58386135803965,-5.7225742386931,-2.86128711934655,0
"1.upload","NUNAVUT","CUMODUE","V","L","201701","202201","202201","5@01",-5.6346993588005,-4.22602451910038,-2.81734967940025,-1.40867483970013,0
"1.upload","NUNAVUT","CUMODUW","V","L","201701","202201","202201","5@01",-1.26456814984039,-0.94842611238029,-0.632284074920193,-0.316142037460097,0
"1.upload","NUNAVUT","CUMODWHT","V","L","201701","202201","202201","5@01",8.89744880717984,6.67308660538488,4.44872440358992,2.22436220179496,0
"1.upload","ONTARIO","CUMODAA","V","L","201701","202201","202201","5@01",2.85847031678173,2.1438527375863,1.42923515839087,0.714617579195433,0
"1.upload","ONTARIO","CUMODAC","V","L","201701","202201","202201","5@01",-1.42103232096133,-1.065774240721,-0.710516160480665,-0.355258080240333,0
"1.upload","ONTARIO","CUMODACC","V","L","201701","202201","202201","5@01",-0.209217590008279,-0.156913192506209,-0.10460879500414,-0.0523043975020698,0
"1.upload","ONTARIO","CUMODAF","V","L","201701","202201","202201","5@01",2.37065893226884,1.77799419920163,1.18532946613442,0.59266473306721,0
"1.upload","ONTARIO","CUMODAH","V","L","201701","202201","202201","5@01",1.04836916254527,0.786276871908953,0.524184581272635,0.262092290636318,0
"1.upload","ONTARIO","CUMODART","V","L","201701","202201","202201","5@01",0.602520296154125,0.451890222115594,0.301260148077063,0.150630074038531,0
"1.upload","ONTARIO","CUMODAS","V","L","201701","202201","202201","5@01",-1.58904671745205,-1.19178503808904,-0.794523358726025,-0.397261679363012,0
"1.upload","ONTARIO","CUMODAWMS","V","L","201701","202201","202201","5@01",0.83877014646049,0.629077609845368,0.419385073230245,0.209692536615123,0
"1.upload","ONTARIO","CUMODCON","V","L","201701","202201","202201","5@01",1.08733529267198,0.815501469503985,0.54366764633599,0.271833823167995,0
"1.upload","ONTARIO","CUMODEDU","V","L","201701","202201","202201","5@01",-0.356865221582723,-0.267648916187042,-0.178432610791361,-0.0892163053956807,0
"1.upload","ONTARIO","CUMODEMMC","V","L","201701","202201","202201","5@01",4.82979762544431,3.62234821908324,2.41489881272216,1.20744940636108,0
"1.upload","ONTARIO","CUMODEMMG","V","L","201701","202201","202201","5@01",1.4634591421148,1.0975943565861,0.7317295710574,0.3658647855287,0
"1.upload","ONTARIO","CUMODEMMI","V","L","201701","202201","202201","5@01",-212.956898956718,-159.717674217539,-106.478449478359,-53.2392247391796,-0.000000000000014210854715202
"1.upload","ONTARIO","CUMODEMMO","V","L","201701","202201","202201","5@01",-14.7344704263574,-11.0508528197681,-7.3672352131787,-3.68361760658935,0
"1.upload","ONTARIO","CUMODEMN","V","L","201701","202201","202201","5@01",-3.36909520237924,-2.52682140178443,-1.68454760118962,-0.84227380059481,0
"1.upload","ONTARIO","CUMODEO","V","L","201701","202201","202201","5@01",36.894191257949,27.6706434434617,18.4470956289745,9.22354781448725,0
"1.upload","ONTARIO","CUMODES","V","L","201701","202201","202201","5@01",-8.98422323214476,-6.73816742410857,-4.49211161607238,-2.24605580803619,0
"1.upload","ONTARIO","CUMODFIN","V","L","201701","202201","202201","5@01",-0.27718230183666,-0.207886726377495,-0.13859115091833,-0.0692955754591651,0
"1.upload","ONTARIO","CUMODHEAL","V","L","201701","202201","202201","5@01",-0.236895863833126,-0.177671897874845,-0.118447931916563,-0.0592239659582816,0
"1.upload","ONTARIO","CUMODINFO","V","L","201701","202201","202201","5@01",-1.13529834786164,-0.851473760896226,-0.567649173930818,-0.283824586965409,0
"1.upload","ONTARIO","CUMODMB","V","L","201701","202201","202201","5@01",0.662197843983279,0.496648382987459,0.331098921991639,0.16554946099582,0
"1.upload","ONTARIO","CUMODMC","V","L","201701","202201","202201","5@01",-0.0701019043683004,-0.0525764282762253,-0.0350509521841502,-0.0175254760920751,0
"1.upload","ONTARIO","CUMODMCHEMB","V","L","201701","202201","202201","5@01",3.9196967036753,2.93977252775647,1.95984835183765,0.979924175918825,0
"1.upload","ONTARIO","CUMODMCHEMF","V","L","201701","202201","202201","5@01",0.26141211578846,0.196059086841345,0.13070605789423,0.0653530289471149,0
"1.upload","ONTARIO","CUMODMCHEMM","V","L","201701","202201","202201","5@01",2.02853653581968,1.52140240186476,1.01426826790984,0.507134133954921,0
"1.upload","ONTARIO","CUMODMCOM","V","L","201701","202201","202201","5@01",-1.37475864108325,-1.03106898081244,-0.687379320541623,-0.343689660270812,0
"1.upload","ONTARIO","CUMODMELC","V","L","201701","202201","202201","5@01",0.169729372281608,0.127297029211206,0.0848646861408042,0.0424323430704021,0
"1.upload","ONTARIO","CUMODMF","V","L","201701","202201","202201","5@01",2.38886138592562,1.79164603944422,1.19443069296281,0.597215346481406,0
"1.upload","ONTARIO","CUMODMFMP","V","L","201701","202201","202201","5@01",-1.35191341667934,-1.0139350625095,-0.675956708339669,-0.337978354169834,0
"1.upload","ONTARIO","CUMODMFUR","V","L","201701","202201","202201","5@01",1.12599805670158,0.844498542526182,0.562999028350788,0.281499514175394,0
"1.upload","ONTARIO","CUMODMMAC","V","L","201701","202201","202201","5@01",0.214683652197323,0.161012739147992,0.107341826098661,0.0536709130493307,0
"1.upload","ONTARIO","CUMODMMETA","V","L","201701","202201","202201","5@01",1.94302538604035,1.45726903953026,0.971512693020173,0.485756346510087,0
"1.upload","ONTARIO","CUMODMMETF","V","L","201701","202201","202201","5@01",0.247319201053529,0.185489400790146,0.123659600526764,0.0618298002633821,0
